Type,Index,0800,0900,1000,1100,1200,1300,1400,1500,1600,1700,1800,1900,2000,2100,2200,2300,0000,0100,0200,0300,0400,0500,0600,0700
Actual,1,1106.41791,1078.208955,1075.074627,1068.80597,1084.477612,1118.059701,1205.373134,1228.208955,1200.0,1204.029851,1193.283582,1171.791045,1172.238806,1169.552239,1155.223881,1160.149254,1145.820896,1309.253731,1461.492537,1410.895522,1387.164179,1331.641791,1247.462687,1165.970149
Forecast,1,1102.675901,1082.937195,1079.796946,1078.451125,1099.087045,1156.060129,1233.220526,1220.659531,1204.061074,1209.444357,1181.182119,1174.004407,1174.901621,1161.89202,1157.40595,1161.89202,1193.743113,1409.074453,1428.364552,1406.831418,1371.391469,1296.922714,1210.790178,1138.564458
Simulation,1,1111.2559222838493,1094.6742626491546,1073.2835567876518,1086.7996478260943,1097.3222899999998,1156.0831787091936,1227.5050711522056,1204.5398082157244,1182.2658575889145,1178.950892078254,1160.0286807693499,1113.9605721019161,1105.3492323028806,1106.2959813453922,1099.4232525571572,1161.6176824840693,1199.846725290108,1439.7978550945159,1459.3614183087589,1430.8323327731275,1368.237002810405,1323.2591370867622,1219.1851233500693,1157.703420116871
Simulation,2,1088.149941690504,1080.6076905289212,1078.1275750246502,1073.4726540553465,1073.676555134342,1154.1407373099178,1276.2527557445521,1247.5365636840318,1198.3518831448166,1218.113503881145,1202.155069413806,1190.2266039117717,1196.9586071199735,1201.0983000703827,1178.1009974541873,1160.2559375412923,1198.1168757973335,1425.1123104747887,1424.578640879442,1324.7596109094081,1397.86747689617,1289.7994752214793,1215.0096917089952,1123.1893381187244
Simulation,3,1125.8148973992515,1115.7448217469987,1085.1894963683028,1111.834509834484,1112.5217976098756,1164.6550919548001,1254.308073657676,1222.977697542104,1201.5163043147968,1253.8578415276172,1218.8747326805876,1180.0249502532986,1190.4538941303929,1186.0300144411526,1177.4782985936995,1167.7139271450067,1236.8418040212841,1395.8864094835692,1443.44621315087,1417.6311544412229,1373.5490417951532,1293.4650647400913,1198.0150246490095,1134.2808744846975
Simulation,4,1096.2813391986112,1112.7687908417859,1057.7828168574229,1029.6906123397828,1065.1503952487003,1153.2944941894727,1196.7777266497817,1188.8469667470433,1168.8104514688523,1190.817666130978,1126.882374718239,1156.432571750792,1172.445307877969,1151.3789988632484,1152.8141538379002,1152.2272038807491,1220.155804280795,1394.6750597525986,1470.7841407645478,1427.0276643048128,1401.3179077246662,1335.869174356511,1261.2242079917833,1135.64067215186
Simulation,5,1127.4791167088897,1084.179839571951,1079.5049474211985,1088.3271491868868,1124.4759966143777,1153.848316283064,1221.6201878645832,1229.883656978235,1201.6258841590254,1213.7056144392745,1187.9860914457902,1174.9783321688083,1187.5561475381837,1152.355035633396,1157.5639706940979,1181.7075443240026,1193.0060734770873,1437.6050593371644,1415.1479783230757,1403.5119812347482,1384.1783640395224,1275.9400484665648,1218.7239359009084,1137.5040098453408
Simulation,6,1050.6666260959723,1047.2221569069036,1075.0099775417762,1070.8923960144664,1103.282112401676,1142.8982145613174,1172.2372410535168,1223.5804590983516,1187.61306433297,1213.240469189997,1177.421567809977,1172.841529887611,1194.960944648861,1169.8720567349537,1171.5643322164021,1144.6742678144863,1163.5569166298399,1413.0265877527638,1417.824526408984,1384.661053399871,1303.2713610410235,1248.6633481845683,1185.58965250644,1135.958512602405
Simulation,7,1112.1501404695655,1079.4119452421814,1088.2456064441135,1079.3712492339623,1104.1003772548272,1171.6387229561087,1229.6500786430622,1226.5126100605712,1219.5791201542017,1237.4925940834137,1201.3423030326596,1198.752601538626,1173.7778984775698,1188.011098273223,1173.0966827411855,1156.7157730402826,1141.6451063192576,1360.1974128156012,1391.7599106984553,1381.5782391052005,1323.0106838495483,1297.9284561258035,1209.6210994434537,1099.3628089814167
Simulation,8,1084.7645407846856,1082.884351478781,1075.1302336574765,1078.4938191385986,1099.3006684237291,1151.8470253978032,1257.1685652459107,1216.0220681331446,1224.2521354458738,1210.209170942196,1178.2228185099818,1168.0707939260153,1172.5122795635173,1163.3069947412594,1142.6171641489602,1131.8528195342349,1193.73809554908,1404.276569668417,1462.541849446906,1396.430766783418,1363.747431712283,1210.912981674793,1139.0944166685006,1134.877618021598
Simulation,9,1104.036387995138,1073.7724248176332,1071.0116396908466,1091.7876218463796,1111.1647189139096,1199.1271012854725,1258.5741578163547,1219.922922394646,1237.452206574984,1243.403942946449,1214.4252418150304,1209.4802531743321,1223.318407991482,1199.8347379760962,1186.0807627031888,1176.0441411513511,1193.2242267851982,1419.4609268673532,1411.510875478837,1421.5004784697128,1393.944658615724,1300.9438092149082,1201.9431141073494,1092.9393478081404
Simulation,10,1101.9043019854196,1087.521907765117,1077.2389570745665,1030.065487564853,1089.653966647364,1149.407232217643,1196.6162335816566,1215.4672089914827,1147.6012756087994,1160.406491163839,1161.3327693483939,1104.680412858346,1106.8422490697044,1137.6508398445617,1158.7111497121016,1165.4230158663006,1205.6364924101706,1412.7825792783144,1413.384298937547,1408.078923741399,1378.55542827889,1284.2579780769222,1215.0178105510158,1149.108732525217
Simulation,11,1092.7892095392926,1076.6746627369748,1081.756908824191,1089.160790801325,1107.8376814644348,1184.9633622702465,1269.168673489428,1207.2468170400928,1206.3703918308179,1203.9382995934336,1183.1465497895056,1184.6157472238428,1173.2500017470993,1167.7420194740432,1193.7567614758932,1194.7229111604408,1253.9279243229253,1443.817202250721,1440.748167690262,1429.0049021476568,1367.376406543553,1300.2065631594942,1197.654849122873,1123.2142186845006
Simulation,12,1089.061988261443,1075.0196487791854,1073.4126760901293,1068.6788578761418,1091.7741601839427,1135.9996144439847,1243.812675481887,1228.3844708728025,1238.151217050354,1218.0395873717862,1182.0526560263727,1169.6270096837266,1175.174998316147,1140.7620887339933,1148.8014226080804,1170.48201786262,1182.729620345925,1355.8090165163567,1425.5801158063787,1414.533810095757,1381.1436622269389,1285.6914617284542,1199.7129756927873,1105.3778160599322
Simulation,13,1088.9469008517844,1081.8628601797996,1097.0775532175674,1078.0374323861786,1101.9999813769266,1171.1733786130121,1234.2780936820038,1198.4194992795844,1193.1069754136645,1184.9907660062731,1165.83183267335,1172.7519749100738,1175.530207914204,1179.8894165305135,1186.2525413188243,1163.8656074532794,1210.4114734891893,1431.5205451247016,1405.784829707297,1403.5097351691534,1355.9836910508245,1293.7357271007402,1182.15949065727,1114.6814227532316
Simulation,14,1123.3712123000437,1089.2903708100798,1089.1256094670061,1084.200395794344,1116.6000516843965,1162.6871001856218,1258.9597478342139,1223.3864799014596,1187.9032468057226,1209.5706763074493,1177.4889161151636,1171.4458480768349,1180.500645874352,1192.1392171366128,1170.110807261132,1132.0921317349303,1170.1038965502576,1414.7459047829584,1421.9216333949014,1383.1191834941772,1363.762135756068,1243.6292076509799,1186.6832287796215,1103.6158426307259
Simulation,15,1110.32486130827,1082.414505659899,1084.369858775675,1073.1956466316708,1085.5097217239656,1160.1958388993392,1221.678004567118,1216.185803967337,1155.9136374747125,1190.6324200413019,1173.786137548203,1170.8186930241473,1161.8075117028575,1129.0804171948475,1158.5698784815556,1165.5764030692546,1209.1579027292132,1459.5850993845445,1476.3009333813131,1366.3983495962354,1406.2301598664526,1338.8604158052324,1216.6271963341476,1139.3710489947202
Simulation,16,1094.9929446873437,1059.2471318378018,1104.4893947751596,1065.3380350587097,1095.4716912333386,1161.659367406465,1228.6597299049156,1221.6841383046478,1221.0911704696477,1209.0224375319194,1205.6328739017995,1179.447992120172,1200.1918310291228,1169.0084621143433,1161.299953200799,1161.7492099906829,1183.2985430615201,1414.5584558367334,1429.9530755081676,1421.1314471184317,1384.7851580281708,1306.5523332153577,1207.2453214947734,1116.3457338417816
Simulation,17,1106.0717974462116,1072.0260221352355,1086.4331944012338,1074.9937862754464,1059.214335468579,1145.5262502907162,1250.4989922614025,1219.9025224042275,1203.9085267675405,1212.3690919774053,1188.6786123420577,1166.3735779999618,1173.657615512276,1174.8410023641381,1160.4775215339725,1164.8816831577756,1182.0240205186203,1360.441313082556,1438.2219586278459,1450.721151672715,1365.3329006533115,1240.5738066344034,1194.889389933521,1105.0418644323418
Simulation,18,1136.9007522406084,1129.7923823667338,1127.83152175696,1120.048848514013,1131.8857123301257,1214.0998256287924,1261.7368297278856,1200.8427152649122,1190.4355552441612,1178.8203350251254,1171.3544121395553,1177.0049055162456,1176.868350059355,1142.4186757907135,1131.4491436608687,1155.2606091001767,1237.1754520501686,1424.627058820212,1477.035882817145,1385.8025487874925,1396.8398049225057,1326.1052665600027,1221.6645246056687,1146.0581762615998
Simulation,19,1107.2898015133255,1082.5981603347946,1085.3019934344425,1083.4224206346187,1138.293557096409,1209.9493949041382,1208.8060533829819,1153.2003296095454,1174.2038422293676,1140.7888194779296,1128.1090632314856,1157.641714192323,1103.9191694329845,1150.108703851942,1133.7585048450378,1102.0400954083407,1172.964645855333,1469.9921526328058,1474.3628398722021,1436.8145116617964,1352.4530331075064,1299.6494784231948,1207.825902190521,1142.8545656718386
Simulation,20,1094.3167275877538,1071.1332678591166,1066.5189308345853,1087.642560401481,1090.8936284088475,1163.1310089933786,1236.9520627696602,1227.8223567681277,1197.4463223875994,1226.74720758904,1183.5647563919638,1179.3953729999998,1181.074158110648,1170.7664033967583,1185.2847438994913,1167.5633253248354,1196.9241559744462,1453.1888424037884,1433.6245719826823,1409.358681885405,1400.004409226,1282.5832892146386,1169.64836620717,1146.5819420000003
Simulation,21,1089.8109570208987,1081.7493487073493,1069.9112473004404,1080.1002373832303,1099.9285827311626,1139.0902458526923,1231.147516301443,1198.6345915108184,1205.0348505801755,1206.3618391737027,1213.8562596474005,1193.7216264102872,1202.4477674504703,1181.1863495660555,1175.4671335707933,1167.1277514801163,1193.296823276962,1419.724558461233,1381.8999405096754,1422.4075847581237,1365.5052041085044,1304.8874338562948,1221.3285449826699,1142.4129236000967
Simulation,22,1107.7556684058004,1107.4627509693225,1081.3121757396957,1078.664800829349,1099.2801376959483,1160.7218113222225,1277.4514489872872,1255.1963170083607,1262.835488227467,1244.6224040156865,1249.6187228710658,1235.7428387321802,1233.6969089063175,1207.257393435519,1185.8926742304875,1155.471638029872,1179.508464660006,1341.6108881551781,1368.1159714733242,1383.8966310961944,1371.8602845411422,1291.2485232338383,1183.7255170961541,1134.233942924101
Simulation,23,1098.0124480211896,1103.6929319122214,1064.1974269088985,1059.066202935846,1092.399378969064,1173.6661378364197,1246.2335449889065,1224.3931326980385,1237.5777225956895,1238.6607090832151,1209.2311946197133,1191.3157689057346,1171.111112477032,1204.535391991119,1168.408724635078,1149.1712037322618,1215.5734213063959,1383.8830796354823,1385.9913685315275,1435.06675796735,1349.3173079616986,1287.647509,1240.8410111505846,1146.949909928705
Simulation,24,1109.334630306804,1092.7791719417644,1073.5240739438646,1081.7330413494126,1101.9347909724233,1159.3733591857315,1235.0433263276916,1165.167118553452,1199.1388890434648,1172.4327639728692,1150.4527511341903,1143.3640598500567,1161.4092514878075,1136.72174051993,1137.2196436608738,1162.1697538982094,1218.0106998638696,1445.1816862953517,1514.085757550922,1396.190098014253,1387.474191521979,1331.401776545335,1210.4242447097906,1151.218609827096
Simulation,25,1105.943652404441,1096.7815607423122,1075.28927802434,1072.7813929445424,1076.8696292621046,1177.561597911839,1229.5809611243576,1216.2815274239065,1223.552661589272,1208.835929941424,1187.134785931564,1176.993161936619,1166.970546,1157.6144329502056,1149.1306779958613,1137.7433730698872,1195.2064183638647,1374.7077893064825,1454.913151441039,1422.718992695787,1370.2984902738494,1296.969302,1215.4193039975262,1171.4649577766877
Simulation,26,1161.5696822810553,1095.961600849668,1150.0928044265693,1129.7258985276446,1136.33193139438,1158.7137437981241,1220.022682682351,1155.6268060830012,1131.205772231875,1169.7906124816434,1143.7856030546295,1165.36196960818,1159.3317448392515,1150.9963865830352,1143.9020490195926,1187.6337760825845,1217.5578994174068,1426.3484314301695,1431.1775871237405,1463.989774966887,1439.5824406520644,1359.236078640954,1253.0182355212933,1163.2962773573097
Simulation,27,1106.3713901817198,1084.8622862248817,1069.2209789085127,1068.3569744622343,1073.8067046953781,1175.993653719966,1282.4921624639373,1247.5256537354742,1247.1562690946798,1256.0244919790778,1212.9843307259018,1208.533595168656,1231.428836005277,1199.6549525223409,1170.7830815861118,1140.7284328460219,1154.5772326688245,1318.9786786727477,1341.9699802397263,1378.9384691035305,1339.1992681037214,1271.4563414317595,1190.48565124403,1135.9577351867918
Simulation,28,1089.443120126126,1089.785611125694,1080.904130543548,1083.9488014911556,1093.8789287062016,1164.6532886173366,1234.247845770888,1210.4120081419355,1219.9157311431861,1211.1506878901164,1183.107815502804,1196.6394892639935,1181.74524561881,1176.5278130000002,1150.5487030304844,1167.8521612280997,1194.214233430931,1425.4934204502847,1436.9551479054926,1409.168503873299,1370.8983494276526,1279.9712004560106,1199.8893383308864,1175.127140382167
Simulation,29,1103.2736999432243,1111.4763059656457,1095.5343307783344,1098.5512783248475,1160.1568980617194,1195.1713471238638,1265.6762485560037,1151.8397870612207,1141.568298367144,1157.4782303088284,1174.5059826710547,1147.7509609097913,1152.7237249310892,1156.6921656184572,1152.9443839709518,1140.0976970593192,1194.8020104729933,1449.8127826938137,1365.5055558173801,1383.893908327803,1393.5114810487148,1283.7353726469287,1179.605127606407,1137.7992923346349
Simulation,30,1113.8765839878,1107.9971519568044,1101.982425512349,1110.9981728047767,1095.361411033883,1157.0242909856413,1224.832131028772,1224.428748577768,1208.6911494245262,1218.3574717379324,1181.3373690717149,1210.3646697471497,1207.282201909261,1170.7630406693236,1171.2822983292685,1165.5883514391842,1194.9811277901895,1341.1371630047245,1407.4492874052805,1376.9171041533414,1400.137062962721,1330.6790510629105,1204.3447371268037,1131.6879376003133
Simulation,31,1105.1073914579656,1071.061395604167,1087.5781221738525,1113.945942388455,1108.9834838700988,1173.4202620271515,1223.129214202185,1242.731628873331,1203.707263,1231.1702427079313,1213.1582585495576,1191.2087649421428,1218.9576252704526,1189.5315746478798,1176.4179052503935,1152.6357479661517,1135.4185338542031,1396.759760614937,1430.8255636318615,1432.0119970682008,1391.837502010054,1303.2552635570587,1196.1344147954535,1119.7393190451464
Simulation,32,1139.7972501129564,1100.292967278479,1103.2843954646316,1096.308141964501,1110.248745376913,1162.6820909002752,1213.0341452231437,1217.4698358952376,1177.7562171961515,1206.0099293630083,1162.1831855429723,1155.054775978374,1181.1574815374522,1170.729174201958,1166.9302294415802,1160.6401489999998,1197.4864647891884,1386.0910833048574,1482.5311596063548,1405.0856010650737,1340.3880660022787,1269.2719642683792,1211.6860923203294,1140.2267274437022
Simulation,33,1092.5457146435017,1068.9887113445347,1085.7891627207048,1073.5306121472681,1134.428148936791,1156.6495858703674,1256.9605322710033,1213.0341528131803,1211.1210434123168,1210.8466117809528,1191.3593204336835,1191.4310357849072,1196.2213487116042,1187.50998849818,1181.3652232502882,1153.2859889613853,1174.2251140496112,1390.5409388278272,1402.7066186020347,1321.0180194592901,1399.9214020851532,1277.3274926687661,1215.6655919250866,1137.0673429738447
Simulation,34,1103.4798720547308,1059.237132491627,1063.0623966620028,1077.2603180627984,1100.034981565503,1157.48667267903,1224.2615295901392,1236.3769044265432,1199.1866173198896,1211.142630488272,1182.2285403781136,1160.3420185402135,1133.6163516848883,1136.6403867386182,1163.833087133754,1160.892040841292,1184.8376264444898,1409.3404229656633,1400.372511794605,1455.6026763764842,1353.5770177416082,1314.750304303529,1207.298655,1119.5637710328353
Simulation,35,1121.992153848222,1119.4735005500024,1091.3776621528452,1075.9437801958165,1120.4852780650506,1135.2976916764521,1172.6119242155075,1148.5378282995862,1178.765589613022,1155.9141980448803,1122.318415338356,1125.8453070501337,1135.738599903123,1120.4360150603081,1078.6067376954775,1110.2990592813992,1183.6130948281614,1464.312574686368,1483.4557030069534,1482.2956540994132,1376.7663494514234,1293.9283671908227,1234.965221722343,1181.5749128419986
Simulation,36,1111.0522223689075,1091.7614605421204,1106.4002793634163,1102.5260389767268,1129.4431039492767,1179.8608949999998,1219.0059198778426,1195.241942848935,1218.4071196873767,1197.6016678137619,1162.7522041574757,1163.9514100094264,1170.9465211713768,1152.1589729296657,1159.5662871861482,1155.4927957265843,1200.3739102849154,1425.2934299122044,1439.4476838451783,1405.8328054731983,1288.7138626955614,1258.775683309028,1166.8593830481072,1131.1331321032694
Simulation,37,1099.802863857524,1088.6677624282954,1061.3238887752061,1075.0589351743286,1091.4220067026235,1144.6924001616926,1186.7987944188492,1197.4650929240076,1147.3905493769744,1164.4152628526092,1167.2786743972924,1134.691318267512,1141.6007125484734,1133.4724561814405,1135.3392128376372,1164.3444265300143,1201.057316356973,1437.1804284701368,1405.4426852998506,1384.6438939277214,1367.762996877588,1334.4669916722976,1267.4478802245203,1148.444424463569
Simulation,38,1102.0653715884378,1062.6389192781166,1103.114060325695,1092.312640054118,1127.314113158593,1181.8180346393738,1225.309668892614,1192.6550246200366,1167.9252826335126,1173.9033233886387,1141.0335813354936,1170.2796543803329,1150.8188155932341,1157.63073883688,1135.5336996251572,1144.4057899167963,1181.2622527404383,1447.2515572764432,1349.3595526860352,1336.3673787700855,1353.3014966648614,1292.5486149895746,1192.5482051753525,1120.0023513432975
Simulation,39,1110.010059710023,1079.4606226400344,1082.183009067045,1088.2214353378859,1117.7842750502996,1134.2923807863451,1214.143172856814,1222.5812866663994,1216.184803218964,1235.978668985181,1208.2667666922532,1208.76083892526,1170.647656653167,1176.3861741218223,1223.946880313526,1228.14803657583,1201.8660779469224,1410.384825594357,1429.9354672781778,1446.0229101376933,1404.0784251624873,1221.1974828312086,1190.5650252645626,1152.1899247321503
Simulation,40,1062.3855293780962,1059.6611818127406,1080.1617802047665,1110.9337151046363,1089.7857646005516,1140.2908857477828,1218.1848302659073,1228.851111337945,1200.9782892945761,1230.5756571339778,1202.8996676849354,1201.8747034295611,1181.1721898707628,1214.7830305423872,1200.8235067711728,1178.6248256571946,1144.6789504495403,1412.83441163815,1318.3684117598798,1403.1023896269837,1372.2772147638311,1282.7565169240806,1210.9480609810855,1086.1939575333429
Simulation,41,1089.4789698956865,1092.270850560395,1074.1075835279826,1051.56934178293,1096.878098083817,1150.4207092867043,1279.0899309908739,1224.3332458997293,1224.7229762517675,1227.209382447852,1183.1162492488236,1189.4799967103986,1187.6033380283059,1175.0116235488479,1159.3076948485784,1164.455447503598,1196.9359951464355,1435.6717311350335,1466.6548632055258,1441.4238929007167,1425.6990954295284,1274.7034588055374,1226.4537958872224,1183.7690146507289
Simulation,42,1092.4309448032932,1060.8809487216968,1068.2648732155033,1066.2297502826127,1077.9551541502437,1158.0698637008252,1222.228079317959,1211.4621779586555,1217.3572283005494,1195.6194439781523,1170.8835251592607,1125.8990724538817,1129.8870387843422,1141.4817842081538,1168.5710666084697,1198.7482657185062,1214.7528428177093,1420.4615028064331,1410.249642055777,1331.9806065902835,1349.8055937157753,1294.2044599273959,1164.4600888333814,1094.56189336922
Simulation,43,1108.9847101526905,1080.4715570286485,1104.4494647746612,1083.5225583335225,1094.0246370271705,1130.802029437611,1201.4230660006547,1224.7823182443747,1196.5906497530384,1227.645688233026,1177.682472724022,1167.0978389086845,1179.9193379396065,1149.5796996896572,1158.7626890541148,1191.8616516950547,1191.1839111844583,1361.0335593538955,1434.0534339945848,1444.3710401232472,1405.3807623819355,1331.5663271409187,1217.983578737255,1138.6284891029604
Simulation,44,1098.9518621232921,1080.3070215548505,1087.9211375058305,1098.824807335454,1089.9694312977308,1122.9413563827213,1248.4788827683199,1264.277799116051,1222.0799237752,1242.0502378593133,1192.1892112180276,1173.0061472060258,1173.6334555943265,1161.6743796904216,1180.7232299785194,1218.019446919177,1190.7803026283405,1362.1110859128064,1395.6859362102173,1410.6914552644052,1377.5339408297807,1277.3686221134103,1224.4037128823954,1144.1118900000001
Simulation,45,1120.4160679913032,1064.2185024931568,1090.4034924113248,1066.3557636429994,1099.2446192926445,1129.972119453206,1220.74529358813,1218.0069354154145,1212.6506654148504,1221.8562196242367,1183.5141563172328,1181.066784560406,1180.7671440599352,1168.643216487736,1103.461774350734,1099.2758111070816,1186.051568100032,1383.2370066623764,1479.9874163727864,1426.4208489001016,1388.4245515436999,1286.5693099748617,1194.6912549229069,1142.9373484014627
Simulation,46,1144.634310710365,1115.2278912602892,1144.0081919819113,1139.0408899628258,1171.4633233562624,1184.0726937026861,1258.4700454124456,1214.953182505329,1185.1162370712377,1172.4704582763152,1154.1492100342946,1124.233240663019,1152.1782523094078,1120.2683122179653,1128.403249847702,1136.4787108174028,1182.1349201521848,1422.909575812033,1454.2401395179008,1432.5267951329756,1372.7357301227128,1312.3685071067796,1247.1636474150525,1155.2465209293798
Simulation,47,1116.8206610515058,1111.0108754357964,1087.9635270747815,1103.9462615643142,1122.9730699904344,1162.6975282092963,1248.798265047756,1237.7530574236428,1226.866502947765,1227.3924369494055,1211.9035216333968,1197.9086814760706,1185.5323262138686,1163.4264361511503,1147.2168417535272,1168.0613600792553,1162.2672729530298,1375.4021319004075,1445.0624350990843,1388.93932631097,1368.2085890688113,1238.0937972220859,1210.9218984511158,1163.240363112485
Simulation,48,1101.0176080133663,1096.5539588770862,1062.9417574206182,1058.206262541023,1042.7673511637918,1143.369973846976,1218.8804944485948,1233.6867022189788,1206.5142349336522,1184.7128040296757,1178.454886133342,1156.676799042381,1169.7015737052518,1135.9548524596075,1153.030729730409,1217.1768207806865,1265.5846479060606,1398.8271873480892,1426.37367945106,1446.028557796944,1402.706522101902,1305.063131092504,1213.8631544452735,1157.718695905089
Simulation,49,1099.40419218805,1083.025555634122,1086.1693175218747,1091.9144677371416,1140.934989739976,1184.9580961311833,1280.86784290864,1218.0500836810534,1217.8863545633178,1222.909858235867,1183.7377583674056,1188.2779839723937,1202.7467607555923,1191.1726571235524,1164.4609881200477,1188.7949412777218,1190.255871956166,1426.0591589330522,1455.1011361355913,1391.0372285383826,1410.5967221249539,1284.9682873417457,1211.4560364447063,1122.4773276013436
Simulation,50,1100.3312609553254,1104.9988720285744,1076.3356681830617,1089.0871213754572,1130.3415783141268,1188.4886227071295,1209.9617090771142,1178.8330076066222,1140.7765207984792,1135.6440747069034,1138.3018802290985,1155.3358902790428,1131.0951740690539,1113.1460629150704,1070.5689127355981,1088.0449207454963,1199.9979724480659,1442.583032,1501.8963548381253,1373.5450581786008,1421.0686542967637,1296.188621789297,1216.1394094654595,1151.3458920737153
Simulation,51,1123.751906769605,1086.5677718943998,1073.2292618065708,1083.6778604525632,1096.8857754688634,1107.2171722488802,1161.9801878658006,1209.283497764278,1193.6064066938368,1205.561158774227,1191.7898515757468,1199.736585741616,1164.772586768081,1160.717891460274,1147.3055159457658,1159.820667698073,1205.0191537074736,1427.680098234575,1441.0532851401993,1452.0951564697948,1373.0414043550982,1323.1957223287961,1234.929214017364,1152.1906876711566
Simulation,52,1054.5568918149927,1030.742754834345,1074.1024238385023,1072.184824548067,1100.612275033153,1150.1141710247343,1255.085262858268,1243.203575261674,1205.630668324313,1234.7189078795695,1197.5551157632092,1177.0329783111922,1201.5916573002653,1208.4328111022662,1201.4994716868089,1144.468525926295,1141.2487548551117,1393.2613858690595,1374.8718220699552,1320.8698303888361,1306.120645645867,1233.2040679387262,1177.295589290136,1105.2612675437686
Simulation,53,1083.8960407151021,1094.4745794969201,1077.709473498277,1055.3279358062875,1064.8235201528696,1150.871274286278,1228.3806904690414,1227.5909094254512,1222.5982984306247,1227.4831484422964,1216.0439960229537,1200.0543242270548,1188.048964281122,1153.250614177587,1155.4077559641812,1156.8236659073402,1201.4162811397202,1417.928649203244,1418.0296021839954,1414.724552046527,1326.929735318587,1307.1001429423195,1202.518273051035,1124.678644626441
Simulation,54,1096.552565002658,1081.7686163762164,1077.8492617344514,1074.7623729465627,1102.0484065746734,1192.9875270704697,1262.2653539067633,1201.4950281100644,1209.7314967481325,1206.2566655512676,1195.3144052173827,1172.837113,1151.951617781315,1160.468614249844,1193.9421220015304,1173.1934144494446,1212.8215175198386,1435.0364824184928,1437.579376210006,1416.8492019999999,1392.494906227823,1292.4897294891198,1208.3156770172473,1128.7297630021883
Simulation,55,1085.6931009895331,1065.9696835676045,1066.7394257808887,1073.0858787669238,1101.4720687177764,1151.813794166693,1279.2125102297025,1240.2378880517397,1215.9682340649958,1212.0249611145248,1170.8472247876698,1178.850166975745,1194.0283750402211,1189.8573096138302,1198.895495049915,1170.2043896262792,1185.884910374193,1406.2191593915843,1406.1927685782248,1410.1618943034746,1335.9827057676798,1300.5710109735346,1181.1875091451502,1138.4141951840973
Simulation,56,1099.7342956077744,1062.8249733985315,1058.5391689907904,1046.1313298894154,1083.7395932338454,1156.7125322030954,1252.6546484023002,1206.9345730770497,1209.0169642237527,1198.904412838618,1167.1658308623394,1163.8069423599923,1162.198005384911,1160.5714975153946,1163.1746943651535,1158.1648821408353,1218.3710915939187,1460.2686086208555,1442.4701090312462,1435.7627865664324,1410.5983079999999,1307.2972723950952,1205.944310781363,1155.2181928090547
Simulation,57,1103.7469538174773,1074.2998296020237,1048.0209434131427,1069.6088408209007,1084.7397649944908,1142.3314387886219,1222.2154905414288,1201.2223142007435,1168.6354051254455,1189.9226746696506,1162.6908765975784,1152.1819815103388,1149.6513664563595,1144.3028522358222,1146.5797323593608,1168.6432339439366,1209.470881810295,1466.7577286697426,1464.080962294419,1413.362550071998,1400.345433948431,1321.0627641832957,1250.570782408568,1154.823841072147
Simulation,58,1104.095204497646,1090.901843192611,1065.4598925803748,1041.9292762526484,1097.0307062043212,1166.4644667007308,1171.0927261007153,1186.7725732390022,1187.954676782403,1178.5543973838203,1157.3963361417714,1160.5890135208629,1128.9146809073097,1151.2558790369967,1158.9639914449754,1173.4545753490129,1215.1635063450371,1436.648660323144,1403.1987945685619,1376.6907491055897,1325.1542482160426,1305.8508705660597,1211.0086831787362,1139.2239955378006
Simulation,59,1082.5439538468024,1074.1512146221503,1072.1245850369596,1075.3039523658922,1065.8845892248487,1137.519215953428,1244.8085499950885,1211.3371889646512,1176.5778197032705,1201.304227395204,1169.193405816318,1189.5426679142472,1195.327730158898,1163.0802784367195,1123.5721331772463,1136.4234482068646,1162.4083850277818,1335.8412299848437,1433.5159859834812,1344.0201061387363,1378.2340196562682,1280.3164148634644,1183.8456306139324,1108.757026510702
Simulation,60,1079.7230826,1078.44015931333,1077.00924636881,1090.5824722009174,1091.731622883129,1139.287558517915,1232.496207021898,1240.6535608856097,1205.223936169297,1212.921762245851,1201.1140884017132,1152.254551244569,1160.305846588698,1182.2316337230038,1163.8345216444568,1135.804845890842,1158.2871850546449,1370.5188381937678,1427.6439459703665,1376.7945213594949,1368.2385234893443,1269.6022891584644,1210.2846207688615,1158.5589638940469
Simulation,61,1109.4784497423404,1067.1616341251354,1093.7255896331926,1078.6573778694205,1104.4222740267437,1151.3415511822534,1220.0255483453275,1219.0590089552184,1212.1244012026334,1210.670167779243,1171.5825379884702,1164.9388590609715,1174.977602217461,1117.8043082392794,1116.5633185933614,1137.7719575393066,1205.5703378804917,1407.138650001678,1372.8355504803856,1380.1647092016622,1409.1238585857545,1319.0439176144241,1202.8908734362233,1131.6555917074134
Simulation,62,1116.4421074758386,1090.2103565459927,1077.117462950502,1100.821956334965,1123.941204826801,1187.1393536462742,1169.613100445877,1138.2031260685853,1123.1644708077743,1143.4289065908638,1135.1942466518447,1125.59630752416,1118.7899796184608,1099.4982068969414,1146.9938660992154,1141.4919248547187,1213.9402218076416,1449.107126909581,1441.0329946200045,1366.7740220522135,1304.6156252332974,1320.965857449428,1209.79211614772,1128.7878540734791
Simulation,63,1090.7706050739057,1078.427239425529,1073.427117926734,1052.7563014259508,1091.7065934269415,1133.025969695144,1218.1486944320477,1214.9791031957438,1190.2782568967775,1210.9175895925473,1164.3293563290774,1158.383581,1167.0716980095099,1157.8855535172368,1106.6622670743143,1102.0536451127084,1124.7346056593499,1409.9238482991482,1475.1375149955072,1376.857100044406,1395.2627950998021,1275.674798893196,1213.6271476326306,1149.8402218198335
Simulation,64,1068.80458747694,1009.1496950535478,1050.4910328717033,1068.2519604930947,1093.7154585770004,1153.0972869344016,1184.4549710156964,1203.253165893573,1185.1257269291455,1206.6446274269697,1166.0211562421882,1168.028145884937,1175.2804614210759,1149.522269004273,1155.696813699303,1141.5546316797042,1132.8207248293058,1348.4313023504264,1376.1850751003199,1398.7049710000001,1300.2855255414804,1254.012810725234,1151.7067942535614,1071.8377352361188
Simulation,65,1135.5170721831369,1092.7069660940565,1126.892147499579,1110.3376949003905,1135.5985560673141,1200.2746982356543,1261.0160618484688,1216.0881954713307,1223.0795172416297,1216.3393211001187,1172.5355964475962,1192.5019453541909,1205.0033938953552,1194.1831197870042,1093.8938655515121,1086.924631296113,1205.0089543577403,1374.3920781607765,1463.242306267471,1348.0056363602746,1338.3902983304567,1316.283621472896,1233.184229,1153.9793056197113
Simulation,66,1083.957130918001,1081.9316547239087,1083.989988045676,1104.3439911791118,1103.0115671185786,1162.0247118741886,1222.7242341997935,1235.9601956811287,1219.5656162306552,1217.6028746237746,1197.8790952933646,1194.062166655062,1191.9660586508219,1171.6434246930933,1179.5498014459124,1177.8191936614412,1213.6193692687816,1411.1397611429802,1375.380083571723,1431.6378181425505,1399.7927991582244,1313.6449240156492,1208.4380121832237,1153.6755462276237
Simulation,67,1058.611841567135,1078.4973271151882,1059.0374271560497,1029.6159834814725,1073.9060337299497,1176.9560391422212,1248.577182461377,1269.5138441499068,1220.9314156056064,1220.9645240873017,1175.7734318823223,1157.79841836131,1161.756286639859,1153.320216241898,1159.3784866436783,1165.611516157162,1197.1020357511513,1425.8627932076192,1446.5461522868459,1407.0768527168702,1347.6753716356375,1287.1348982174525,1210.181149096165,1124.6982526781028
Simulation,68,1109.149917533985,1086.9689233922966,1083.493813855732,1092.243479009152,1129.1132261576186,1177.7589720349968,1238.1975664183085,1189.215201264285,1137.611998297533,1179.5567127382049,1153.4858676176027,1151.00490474797,1129.8060467205387,1113.0811640112777,1114.4907775894017,1140.7764091111483,1202.3228807621028,1442.7616553219063,1433.4830124528708,1394.2866010113376,1397.336489158368,1309.6900667237558,1206.3724278009595,1142.2545132603345
Simulation,69,1098.421425749314,1061.0757389022765,1075.87342971387,1075.2629162752141,1071.2310670208785,1143.2845216036371,1261.5258489912774,1245.7104029288166,1205.121086038283,1206.977519064806,1172.6057762773357,1175.7261113967854,1179.439356297105,1158.7774472246049,1154.6707612088474,1171.1733593195463,1236.7185040533097,1425.5893427337526,1459.9694661944716,1416.6692371744477,1421.3592508052188,1305.347172209043,1222.0572537146588,1143.174161317043
Simulation,70,1113.7654045817546,1085.782732339853,1078.7834963242444,1088.097906376634,1100.632643208034,1156.2153461347714,1232.0515400000002,1225.12199,1218.582353164789,1209.0974817188014,1170.0652796200295,1177.7377823793584,1157.5111218555655,1153.7419399704274,1143.8814920872296,1129.3544717734035,1190.0725464900643,1383.9157398511054,1404.7235141432452,1342.7148536175268,1371.352550216493,1295.7451493524616,1243.8088046111839,1139.3769250933444
Simulation,71,1107.966533576268,1096.8576888149053,1057.7618260604677,1085.4744949969984,1089.5446071788206,1156.9213355644779,1194.2734073298013,1193.4487082200358,1178.200837871288,1182.1233701365222,1180.4346893755578,1143.4868009110955,1170.897281826354,1162.9695270519517,1157.6687787294425,1186.3297045748523,1198.3122044257366,1380.9991174024797,1449.0078005998146,1402.6427728169326,1441.45597725466,1341.353672204525,1220.0449488821903,1130.1909397916331
Simulation,72,1104.4167459921518,1094.0706976781585,1061.9312912856408,1062.3628779889304,1096.8867873352544,1157.888768015737,1219.495084595405,1211.892980788549,1199.7216271693653,1149.6597621552078,1131.164715105721,1147.1081923969593,1148.9117116218638,1139.618394032416,1130.7988207686285,1162.51285773922,1184.957398302735,1425.2699763612459,1440.2482684197757,1428.9236079539821,1353.6311265606867,1292.4532565466945,1212.0555049681077,1140.7662999907866
Simulation,73,1085.4889334882012,1067.359243448566,1060.6499737387276,1061.1682564013888,1117.0174092431985,1161.6141693433838,1173.0870506762058,1180.4183797636883,1131.5782746773245,1136.1881966991407,1102.1871989630401,1096.637497265782,1118.005185145359,1107.8338616332533,1073.5199879328106,1114.5228809045132,1187.6551062661724,1470.463504259106,1444.3026383041756,1295.2542158935792,1378.265968551729,1318.3528483834486,1202.8015512695395,1080.8625467431573
Simulation,74,1108.2409658885776,1062.257532498014,1081.21834175181,1089.6176686684114,1093.0061187614285,1147.501158047589,1213.9245522147144,1187.3430479048588,1200.148916232836,1196.5501089492802,1178.8482519120591,1186.1174130653887,1174.6377821337758,1164.0045624352658,1149.4307137105543,1147.4308715413645,1180.3751417694573,1419.9316998923978,1339.3309556706479,1420.98844041874,1299.9551504626481,1249.123272071641,1205.4366873844135,1116.1588179477296
Simulation,75,1103.9818496879136,1066.909444353039,1068.0023465023899,1067.0499394487192,1094.3573594797854,1145.837265554539,1229.259178837277,1201.599750763455,1213.122558762806,1213.8151682443247,1179.765398903433,1180.3082263978567,1146.6679620072564,1163.7055330203955,1170.0868585957141,1187.4001986504677,1178.5783439103138,1437.7550294598834,1468.1614852351563,1390.1282232885824,1348.4951003120354,1303.7704019528594,1209.599538631592,1164.91835594659
Simulation,76,1107.835280327537,1117.3059857647895,1093.7888064751967,1085.666902599344,1096.4404381839295,1158.3776232327473,1211.032673166659,1210.4991737644234,1185.7830695116759,1194.9637878002227,1160.8537632748346,1153.22113231975,1158.4219905071527,1108.7669297094722,1152.9584054280695,1205.324386374531,1245.410170496423,1472.5617048634083,1470.7647877677161,1425.7052618324728,1455.8914001609878,1366.9068293561172,1240.7805714916697,1148.7505968472872
Simulation,77,1121.2770730645786,1140.1330650128898,1083.8358890850045,1046.7046154181917,1086.5784590103808,1160.8282639289305,1229.8683558536866,1221.171692524449,1200.6568571666487,1213.8142210693559,1205.9321986367052,1177.7011431028413,1180.8638684086363,1165.2602594388934,1146.3844184189866,1157.775122967521,1210.1980611198917,1406.6445626114105,1432.5944305317728,1439.5568551467668,1376.5909909639165,1310.0325449742143,1245.6351560712003,1172.6500060169524
Simulation,78,1033.1338555705092,1034.3718360121627,1049.7740212978758,1032.8288337229624,1087.0143040414791,1144.26243765159,1272.6871225190357,1213.0901156434484,1190.024412992388,1217.4618410000003,1182.4542050331997,1169.2371465637573,1152.7447051687968,1162.659665058068,1138.0077760459094,1143.261496216735,1192.2370632543405,1419.6682380054121,1374.0801180585788,1374.2544869641335,1400.8288912113721,1299.8980544376052,1207.2616276996998,1138.7611712393648
Simulation,79,1134.1764541295208,1065.476024499803,1070.6430063654066,1106.6303796213806,1109.600971656519,1151.6049287069702,1182.2508700612236,1239.5403214249577,1204.9901710522322,1228.4769754533927,1206.402970635571,1195.591444071946,1203.896186172955,1184.4530570087663,1197.092886507876,1157.6073807468922,1145.001214650757,1317.6460910554242,1359.5408296502164,1400.9101422819,1340.7943582529774,1294.8777991324603,1211.218557,1143.0268395128003
Simulation,80,1134.4876748007216,1091.8682530904218,1089.2010922876061,1118.917161321637,1105.4809927950234,1175.9252655063774,1241.970584169531,1176.4116007861658,1190.0228408841874,1153.222975651023,1110.8163359285038,1103.8277360307707,1150.9367454906103,1130.909316688316,1156.3362366599263,1162.1416933246612,1196.9421780738917,1425.6011854013052,1450.5943046735965,1383.6968858106395,1381.1560020736945,1324.475581734736,1225.8130072788879,1150.0721456650283
Simulation,81,1108.9026627103876,1098.1759785226263,1118.2045682483226,1097.9375313566904,1113.815853993133,1209.8795341795094,1208.7524588928534,1194.4498587374403,1184.4799027624854,1195.401993416436,1169.9615247846127,1164.3169190738115,1167.0149629299467,1158.9784414006722,1149.1412220992513,1162.7317783082412,1195.6178914058385,1408.097584345151,1440.132514458676,1408.4644523707527,1347.1054960850297,1329.7820781643827,1196.2450216116326,1164.2959470027185
Simulation,82,1063.1659172244526,1072.0409699196105,1079.6452144192906,1072.9030849851092,1124.844474310055,1165.3897261468314,1243.6484612202564,1221.08791,1194.7247868898294,1202.1756490147104,1179.7023597759885,1154.3890673289372,1171.0653297460626,1168.5232412726796,1159.1560834360089,1152.457796040186,1163.0891834001404,1401.3986423509532,1418.355991499214,1389.1573714313477,1332.2453833413383,1272.706330607376,1213.8404473190171,1105.2688697140875
Simulation,83,1077.4194275803982,1053.3245457188084,1073.6844966367858,1094.0158425047855,1104.478011,1167.2666795842836,1295.7890861802912,1257.579676218341,1207.4058029595126,1220.9240225355654,1218.9492644513052,1178.218440965378,1176.830239536373,1200.660983501597,1157.7003990950377,1160.1918641723223,1142.5967737450555,1345.808566465464,1358.6267110714816,1417.1299816312232,1279.5095278814895,1294.8490940581098,1154.103407082952,1107.560213860489
Simulation,84,1083.1335476524955,1036.043949610609,1013.1491049057383,1022.6229364633889,967.3088564419656,1059.2458706142477,1219.7470774514095,1249.5186961037182,1228.7536971089837,1255.7364260760971,1213.3677545400726,1213.4435593321928,1229.570945608786,1187.5973063207757,1179.5933619298341,1181.7553644305663,1175.1287120125337,1384.7863800560526,1386.8675819130026,1406.0990903630989,1377.9290332465162,1257.9350597910905,1200.7254908523237,1106.7514453183333
Simulation,85,1107.663907457655,1077.7729450279512,1082.6442323617898,1083.8365247180168,1062.2480138737183,1107.2300432304623,1260.5015142373402,1272.8672999987432,1215.3160642769924,1245.7951624421237,1220.1856943684634,1206.032361984827,1240.881627579909,1214.746053351821,1162.2179222402226,1159.5498753927277,1165.862487672353,1358.813342346398,1346.8974835865813,1477.4004858496246,1320.5255105168392,1293.0695142378672,1180.9392206254565,1134.053831423153
Simulation,86,1113.6816057652093,1122.9528273107505,1115.0256177909314,1085.2939079987268,1086.617978665482,1128.9289324551673,1228.1705147431846,1245.8425506157348,1209.0383102238306,1230.3037300262072,1211.0905008776915,1207.738169330871,1188.3340476648684,1164.2033570938859,1160.9756169351438,1146.482894159752,1202.347191795713,1412.1311904530544,1481.5180304688304,1431.5377615849097,1389.0059289362512,1284.6833261674656,1213.7247304030284,1183.251142750219
Simulation,87,1111.955719283634,1065.4797481326043,1085.1879119999999,1083.0241313591964,1105.0476653154483,1158.1944650382761,1231.4330352454444,1240.8187722863504,1210.3258803103872,1236.103060245515,1197.8572677044056,1182.7548796777417,1185.5320127884777,1197.3705398696782,1195.0025465083584,1202.9232282435348,1163.2142878620498,1338.7141078348986,1391.530711698441,1385.9791959743075,1373.6031117291652,1295.6708429999999,1208.248426638121,1137.5338921772438
Simulation,88,1130.798005065477,1085.7198961194294,1097.0882904979458,1126.9987035110967,1146.66838991368,1171.7150581759936,1231.150097,1223.6800514136673,1204.1566518889242,1200.2661299757017,1145.472336714369,1164.5755325056405,1156.7527305248182,1155.2771943644345,1165.9944124274925,1159.132520269227,1181.2326171053198,1424.1235134502283,1420.3780570206136,1454.5719294016865,1390.9861127225229,1272.3127645478385,1207.2938409614087,1137.9138428862595
Simulation,89,1100.3825569305673,1100.742001537092,1081.5079374817617,1086.5058637833345,1094.8254004792905,1148.3723129279842,1236.938497610474,1205.6524542735426,1190.378348749626,1216.2743090131996,1174.5865721148991,1166.4397772912998,1173.2608878327803,1111.737372447289,1145.9342411544562,1170.065904151299,1215.076839600507,1449.319539424952,1468.926218240405,1450.9485778195876,1385.9207277687187,1324.6095566634535,1201.276374015049,1149.0336361875013
Simulation,90,1102.759607855569,1065.0474909148286,1064.628727324538,1038.1484344481123,1098.5326445403512,1132.844069233247,1193.2013055446262,1214.4525646705592,1194.7876770992373,1211.866048070624,1187.7112407954146,1167.315231956286,1170.4730097666097,1155.3222925301695,1149.501825340554,1129.8931482441496,1188.975216770277,1450.6339535267175,1489.2795685932315,1329.2779276451529,1346.0581304574146,1292.923286741308,1258.5068032102417,1168.490869363701
Simulation,91,1103.7355820542691,1082.5140467950791,1066.1827231274133,1056.2326029383282,1090.8397947539213,1151.7570269049756,1216.9116898116645,1210.3314758477734,1199.504626612761,1204.938840350535,1157.5177870673747,1148.5329819414296,1150.7490941811766,1132.175599241213,1146.35594618749,1187.2885576171175,1223.949640017624,1424.6428080965736,1334.3017127651212,1423.5042981531244,1356.8650289244122,1321.3691863686975,1212.6956797238051,1123.0409034479526
Simulation,92,1046.0688463717152,1065.4459468792652,1047.0775494532843,1038.4864752540323,1077.961343435876,1143.370296,1217.6004084032822,1201.2981263828267,1186.4699598869297,1207.9885217194876,1176.563600784375,1174.1304969999999,1198.218408691506,1199.426045284408,1163.3428780289405,1164.6489210360025,1193.8346848217982,1354.7901541093145,1372.1652767028224,1379.4365471213246,1347.601090366671,1239.0738453329297,1155.2866608434845,1145.547888492475
Simulation,93,1080.2630963865824,1079.9485824597489,1045.8920381306914,1082.2649928036574,1097.267761050229,1169.0535430661012,1235.6511910831493,1235.9070835048706,1212.5094396294542,1221.8546496788338,1188.6593140602147,1173.5174276723574,1178.240848198272,1161.1473219678464,1151.0119526755334,1140.7277827153841,1191.3951016753863,1403.1637022802497,1420.2175367724813,1430.9416934018107,1343.5374028578558,1332.7455267505359,1213.4303861998055,1132.1413698423755
Simulation,94,1115.9610878857627,1072.8133465046296,1070.1370919874246,1079.1274407299836,1074.8580811059767,1128.9289566187306,1236.9552832993656,1227.2450902882156,1206.8077668938006,1217.5452799545064,1184.5042433879448,1180.3246302282905,1176.6058232994294,1178.6421363701977,1187.2522456170996,1188.946329698571,1196.9073933962009,1433.6734842478188,1410.5814573755551,1395.8658930684546,1373.0330387216854,1283.3495152689813,1214.2007177885666,1138.4275723265816
Simulation,95,1122.2093962873012,1113.2404475423098,1090.4092180849577,1091.089788283957,1102.01475381628,1101.2868684015411,1273.581722164965,1247.085087498566,1241.188327030229,1238.400303808168,1189.374849473572,1194.836439589218,1207.4231285550745,1149.772380212582,1155.8516326133554,1104.7873563522214,1135.2301320012864,1356.921570971372,1380.4970289478376,1373.9193058958851,1359.666440652224,1298.1865917913049,1209.622884,1152.796469121009
Simulation,96,1105.0564891475015,1121.705661470529,1081.909894088021,1068.890851702827,1100.2013222420076,1142.8918280989312,1151.0412346318742,1155.6207760384984,1157.9815653606322,1179.6954344441053,1150.5924083573536,1143.238140919125,1148.7028987315205,1125.4771087055137,1111.3043291124159,1099.7571966715152,1169.3121607442545,1445.5923722892128,1446.406640588418,1417.3074415925412,1372.1751456244822,1310.728004064528,1227.3630122805655,1160.1704171606104
Simulation,97,1122.478134736789,1088.8135600374685,1108.7019457269855,1113.9377038305001,1139.888268059645,1191.8609212602148,1253.484835792891,1208.8861264619577,1172.8142818494428,1148.4530649223002,1150.951328887755,1159.3356659193362,1173.1739083730617,1153.7466748865404,1154.1090687356866,1127.4346738032723,1177.7011097497468,1415.1812850203933,1482.6562037346932,1372.5719184834475,1416.9753442788988,1321.8317091190881,1270.8422949119276,1143.2174769940013
Simulation,98,1113.0386643783645,1068.3886703188962,1089.1973312307084,1111.9647976856004,1134.4533813699009,1162.661244287837,1236.9884922042384,1224.3839773451862,1202.881763968893,1203.3001272477659,1174.6221554225622,1142.6580819746405,1152.684274993539,1138.6639216069743,1137.1000361598228,1137.2998857424936,1192.3193898970792,1445.1134448746795,1433.1731060192196,1395.141533943604,1360.7312816076712,1305.9145373317308,1220.160145113912,1098.381304821072
Simulation,99,1105.4866223138783,1083.7217108992893,1073.1241409120166,1079.214277671847,1074.986958471058,1083.4443850935131,1190.32696688062,1222.0188875359074,1206.6461631868024,1215.5855508576803,1199.3964508222057,1170.5472087633007,1180.5724058371877,1152.7231376909438,1163.186754034344,1159.3210210554064,1193.8972562152264,1416.6521593691043,1459.6491915734944,1397.3194639100882,1367.381484233394,1297.85475793391,1255.4924444960807,1142.7594064276805
Simulation,100,1062.6163240974288,1081.4010988340856,1051.8029452631276,1024.497584228835,1050.9407573903022,1149.6712962347194,1273.5676274447037,1238.5984701110497,1211.4902528352861,1197.4251071266476,1181.4827371948766,1170.802591801327,1178.2713021213845,1183.648679951572,1182.7750979772873,1222.454865199806,1233.148902127066,1389.9042453496372,1392.6422916593278,1437.0494365221386,1382.9806785562196,1305.6125353262337,1216.472142520666,1089.7331301326014
Simulation,101,1112.8704022312895,1102.4294247809605,1086.3176202524246,1084.0501023874058,1099.7787262878796,1136.611676765773,1231.646006420728,1221.40598561084,1215.984720394494,1209.620636166412,1160.2945594749754,1159.2585355746628,1151.9217270815113,1127.9792603433375,1160.43845844218,1156.7689545757169,1191.1943965090593,1417.487712267815,1444.7373232405548,1397.766333894272,1367.2688598896511,1295.4830584653746,1205.7083473345594,1141.7599701147724
Simulation,102,1101.4404926495117,1110.5264618730423,1082.241343,1073.2203579069003,1099.7040241526588,1157.8166371216978,1234.1595432637255,1217.6920402664173,1204.4144141978518,1207.539584235481,1213.8518697705524,1169.0474885531441,1172.1336392364192,1169.3620946207163,1225.0693400411583,1196.541687219571,1195.8909788161995,1403.6079483343763,1407.4320009786313,1408.6210285541415,1383.0274998050268,1297.389350637252,1210.0471712343015,1139.3927956529142
Simulation,103,1143.0432675147645,1147.0840844679478,1134.446714006645,1090.689502681882,1134.5777922966677,1181.0430856475189,1199.3669507665088,1203.6932540209707,1198.7875071028704,1184.542336,1175.1395837326374,1150.5349436412444,1120.8950269784852,1140.956300133374,1137.5165430941822,1153.5496824830104,1219.1470962682704,1434.2639249670801,1504.4254077306832,1428.80426449499,1382.5492897052409,1304.647523096285,1260.9487590021035,1204.3453118312693
Simulation,104,1042.6621221757018,1075.6354321287963,1055.831285127678,1051.408743541879,1085.8958911575594,1101.7043949303786,1138.0433438169166,1168.8707500422643,1175.190651682687,1142.337191663667,1157.3340422197557,1125.5228558414135,1146.4818927953693,1135.2020636603972,1129.8510656002586,1188.9667603874568,1207.3564533941276,1466.6866754456357,1352.838032899352,1450.4867038426419,1341.8285915075828,1357.2625335516536,1213.3678526599067,1145.0969918824603
Simulation,105,1085.0337925321073,1068.5947478191306,1073.0957816934354,1067.9869940212861,1098.3088184919784,1167.9582875411284,1276.6548495872955,1224.8572525214468,1218.0122839657242,1204.474933986291,1173.1209977686917,1179.6822940521372,1173.6131166735092,1149.5566417214527,1158.873632,1180.699682745221,1184.0591096337625,1399.4914461918204,1453.406234104077,1412.3823467239522,1413.8412760430879,1305.1084493664314,1217.593103216043,1133.776399220525
Simulation,106,1145.3137704169778,1088.7936498131594,1074.7756627098606,1082.444891988713,1098.973449133317,1166.9410735995345,1232.0447103671927,1218.2787772514778,1202.7422741306955,1219.4964705551267,1183.6261494356324,1176.7893119540463,1172.4937872701385,1166.2669946165174,1159.603728989827,1171.9459613959727,1197.6693163214816,1433.5991179327798,1456.827848101086,1479.780651351573,1386.1317610667068,1289.7334384680382,1255.1118058409052,1154.4305209126778
Simulation,107,1096.1843747264566,1077.03288376015,1077.4530004425617,1056.999350666544,1059.7588600989852,1119.2257375585618,1228.4820744272622,1271.931370599729,1246.710719496765,1230.524741215927,1190.3320544560383,1193.9379238135082,1175.797099737272,1163.7646627941779,1163.380245699726,1182.4310927616532,1203.7064311305107,1390.993788794735,1408.0425076460622,1461.4352072383522,1337.2728812152213,1316.3385758943764,1197.9841952455904,1106.3662689689909
Simulation,108,1076.607898205117,1062.5469489468658,1079.1386721918243,1077.0204458,1126.177761,1165.5102092164016,1259.4316750540077,1201.7077169989748,1205.5203808600097,1210.3788472050217,1182.8938378932814,1194.2359853830571,1186.1334544466608,1161.1678314115327,1162.974721165595,1152.5914554965623,1237.8245431249957,1468.2016014794074,1410.3652482116515,1400.646045969944,1393.9010940209603,1269.5569576718308,1208.2683121189525,1141.4248792587387
Simulation,109,1109.1680658075054,1127.235466505323,1103.517953639078,1085.202936427175,1097.4144780000001,1151.4887386767696,1214.9533920595588,1169.7911693767749,1137.8322658075301,1157.5333498010536,1148.0354635248368,1131.6242523759574,1116.0443006526746,1136.4874355625495,1158.9640284511172,1152.6496907192254,1192.100147,1433.7749859714054,1459.581464691535,1390.6602608676415,1388.7782874183201,1346.9590542397525,1273.4763582449334,1185.99626541902
Simulation,110,1108.5957565856206,1091.5253254985773,1084.777992694481,1066.9102741673073,1088.9959771982444,1122.8738677130889,1213.6671920717229,1216.713235728175,1204.0740955610938,1198.7985879626347,1170.2036591898504,1170.1502726036097,1157.5104654458548,1145.9976059850635,1156.8903985349925,1170.9707980953792,1183.5451815267966,1389.7753287058679,1442.170289710942,1398.48521187354,1350.2977628896847,1296.969302,1246.8848694175176,1138.9172323210619
Simulation,111,1060.7666010628345,1059.1483540668964,1080.553541169377,1082.0726143314298,1108.491022033323,1177.7849690325488,1220.7786024222514,1189.8885366448437,1184.1192723039362,1191.6873802870164,1111.556039669463,1173.4716319751726,1161.239203947351,1155.2308883984158,1140.411757763989,1158.6082089645959,1191.7395623739717,1448.2807311778622,1415.4812944580174,1359.7169754176484,1347.5448933666742,1277.5812974842213,1165.1544772103473,1149.2788335301634
Simulation,112,1103.4940610839917,1032.8484762906426,1059.498530515305,1082.1674475847522,1104.6517251725868,1175.4896880591402,1233.9452889809957,1205.71594528196,1198.5917328485189,1195.7959957580617,1142.8446700837399,1152.5005936579535,1168.8123668233854,1153.9618966924697,1152.9743373058627,1154.5984937883015,1201.988744693692,1409.3835455631142,1383.3319278114104,1330.9338387559565,1406.0390977463817,1297.3926939592423,1199.6726642994918,1086.8735682652878
Simulation,113,1065.8514040122163,1103.3612581890964,1057.7726488329524,1024.4913672450264,1085.2656542134932,1128.4546911511648,1221.220133625687,1213.2027713548414,1175.4445751386208,1154.3560841897033,1136.9174471641763,1107.9676907311584,1154.6551363041572,1099.5181171620577,1136.51540911457,1155.0582545399066,1195.5789390837217,1389.0739036693194,1454.8913595894498,1411.0758193028214,1427.170476863976,1328.2582010412073,1244.9814939575615,1137.7607176411059
Simulation,114,1098.1085039136817,1068.4537782633524,1044.602177970243,1053.250752441328,1024.796615986276,1126.4243110533223,1239.1982843010421,1254.0732809440842,1240.758276198781,1237.0588258421096,1228.175441461598,1208.5958377465904,1189.0575716389212,1183.0625970951583,1158.1268239590324,1201.1324851398058,1168.9760240695425,1388.223321635366,1412.0741942328623,1387.8754217967978,1312.5501022337085,1254.1894444910288,1206.460570491592,1106.059971279523
Simulation,115,1100.0231472259295,1034.6331013793251,1067.8716544995814,1073.439943028129,1104.3748309790446,1176.7236268761317,1224.8421126624435,1164.4602855244732,1173.8685425697413,1150.9073507302146,1147.1177968691695,1145.060188905421,1153.663995773539,1158.0493504839317,1171.8971063464276,1162.0318084347348,1190.3253304605691,1394.039722735969,1414.1179001945115,1381.4842701194145,1371.0740900742874,1325.723562063487,1211.218557,1091.2710247029365
Simulation,116,1102.22387936058,1079.7957070998189,1077.8957851987614,1094.1383342393822,1104.354223367554,1212.9809765037808,1268.436256886831,1250.321840208492,1223.9844174148777,1236.3241655395186,1191.4074321656344,1185.194278,1187.4840305719422,1164.5557820340293,1133.3681325981904,1159.1246614678917,1204.133810271599,1416.5662487111638,1419.6770883992672,1433.1113546882718,1356.9111408031984,1320.2995362116399,1224.297158027865,1129.1202903983533
Simulation,117,1136.7423872990896,1099.2585162593718,1071.7074823031937,1086.20273391886,1129.913051591927,1181.9617448708555,1198.6865688759988,1175.1017278532581,1136.6580253647962,1176.7271137585049,1149.9509867025524,1152.2626431920726,1164.0691178697166,1122.7428329145544,1123.5698707382503,1151.836721652612,1192.666927082714,1455.3812144284243,1459.9229385862736,1419.165429112975,1369.573241979803,1294.3622843319679,1205.309327895039,1163.4662309282737
Simulation,118,1051.9836761107688,1018.4437099036752,1055.0092844362612,1077.0204458,1101.2241883188688,1184.9754213338563,1253.152281507195,1264.7019568099759,1254.3490469895514,1274.8234794965658,1227.6852163207038,1229.4391969163128,1208.4330104455914,1218.4808142623324,1171.9101248240497,1145.7314005130804,1124.0149094214266,1332.3824750283302,1361.831527960763,1314.4880741735544,1367.2074594620767,1268.732186984499,1154.2342269808948,1076.0623960546404
Simulation,119,1109.293716053334,1103.9984521157999,1085.1862612370142,1074.5530263577123,1093.283638747127,1161.7340316502432,1294.8804444740288,1256.1701265705033,1218.3323443460276,1209.4630532462038,1174.9246686323218,1160.2085371995524,1177.0326955266976,1166.8772473851507,1172.7612105527369,1197.172801854474,1178.6800338254402,1338.7030685083148,1426.0139259916693,1418.1968442485368,1357.1539833226159,1246.3255110140808,1191.2360159293971,1130.7610409603574
Simulation,120,1122.9540974980068,1094.228940028025,1086.1388708235238,1066.4748853644023,1081.0638140158321,1156.8204355631851,1182.2178134956766,1221.9147998195563,1178.57226401893,1189.890146512626,1170.5253780473624,1162.2787908863006,1172.298852435205,1131.6602269999817,1097.4163861405289,1179.219935553681,1202.1397999338812,1451.827346450808,1453.1137502829476,1450.0093641479968,1390.4186385797684,1312.8571120415972,1241.889165869195,1177.6889267408799
Simulation,121,1058.3050272394307,1077.5619422428542,1053.136878421985,1085.4419019480295,1095.676266341398,1127.8484742765168,1224.6422793470604,1212.439061101466,1183.078851362542,1206.880061433519,1171.449431011163,1111.58293147323,1123.9479967166114,1132.2790881967335,1135.687952436804,1162.949185735529,1184.4413216317118,1443.8084782668177,1405.6044809775574,1395.2316742495318,1314.9511324225675,1276.8595027452504,1230.565981184656,1136.025887548373
Simulation,122,1109.8437782357014,1083.6028343186515,1074.4259533357017,1055.5313968684493,1089.0737429082874,1165.0839631631293,1222.91374045174,1181.2523181502538,1220.410016671076,1209.868376611451,1181.2743403395552,1162.0090358025893,1167.3984647250722,1164.5451644043314,1098.0736082414624,1167.8330624580851,1221.625176629274,1404.5049743324705,1397.0632337279635,1409.860038457003,1381.9847891546904,1303.8004791260394,1208.0696539680723,1147.897277418481
Simulation,123,1059.5723571740307,1074.9159030199316,1061.574646554278,1005.3370722243399,1059.6095840450544,1114.1153052186596,1219.074120825844,1166.425897434935,1198.1072122918097,1165.4468308030478,1157.6523812531773,1115.184505697451,1116.4473239445192,1126.2884609463495,1139.2847710208935,1174.5437226225963,1200.0853568251441,1431.1486920033035,1402.482715012405,1423.1803783711289,1391.2297737931267,1340.3571579839024,1265.3124242843207,1138.9909533263778
Simulation,124,1046.0621555312455,1020.8566086843695,1033.71191529759,1056.6349009614878,1056.1642371906783,1109.9667660207842,1220.5303277219216,1229.303359017687,1198.3910658760456,1205.1828963521946,1194.2920427886586,1170.512884,1189.9150828498912,1178.3858451222095,1167.1141500202182,1198.2175278630637,1172.514750828876,1385.212252499222,1443.8244507127927,1320.9224869439097,1364.2485399178147,1275.0078467176438,1181.9011208433703,1064.2354146093385
Simulation,125,1078.559762208725,1079.7473993009442,1080.840606622799,1063.9726589480065,1114.8506639713037,1162.5984347940905,1268.9436805473626,1225.8189389334095,1195.4557074048328,1186.8321168504986,1190.233731048539,1179.187589373676,1187.6074335175865,1170.581907454481,1140.4962977298032,1163.3611923014785,1188.2947060780198,1421.77781335751,1441.7847678316289,1405.8839015579015,1377.6543808315882,1231.4302175654968,1164.8318195912466,1128.613555792294
Simulation,126,1111.7089560866605,1088.9158293603564,1070.0249275244291,1056.5769876256736,1098.9987012104511,1151.3612757789492,1217.106298209813,1224.3319526936116,1220.3035418668824,1211.0273022834376,1197.6334343187193,1177.8771656415183,1212.1866573595175,1188.630580131514,1179.20433195865,1159.7573122424417,1171.9499234949287,1405.351581756591,1450.0379462168105,1350.2040714201366,1394.773750007252,1292.451995249894,1200.2875656234796,1154.4198194568803
Simulation,127,1101.4774376223256,1077.128407661941,1077.6687387557397,1087.036516582814,1106.4443771416031,1139.1348502196017,1211.2721760211198,1226.800893538615,1149.8073238800569,1180.1364501536934,1155.7952865318077,1166.377653126333,1192.9072602013218,1156.194656018668,1139.2974004226064,1148.118412805855,1181.089111361822,1395.5646915833747,1411.590405193812,1387.6878878303335,1388.8164621578803,1295.5802194626162,1191.3087625604164,1138.8727638920673
Simulation,128,1098.2069758319835,1083.1383739338078,1070.49690784484,1071.0439187848285,1104.9402965777124,1162.9940736143328,1166.7530203624124,1175.6276232911061,1173.4050621396045,1175.9108071494977,1158.8805312777863,1123.1803017242503,1118.3843529943335,1106.4668941379832,1136.6776092873795,1165.2657476782601,1226.411791265421,1431.5545874342326,1409.7317498392795,1340.3927497824882,1359.156052305444,1294.8448806725278,1190.7983378726349,1119.5098137010582
Simulation,129,1058.6157460277745,1063.6823705192203,1041.7171878290615,1083.5885254422415,1111.025782263397,1171.4884972019177,1232.3457578607788,1215.991380031351,1230.4256677948758,1226.969474538919,1178.8821361,1178.5492387883328,1185.1422135387818,1153.5318590298848,1172.130848263388,1142.2049460829355,1158.5347659372992,1383.977013236423,1479.687137015578,1296.2648416112306,1397.797893991193,1292.6358305827366,1209.622884,1121.1724846196923
Simulation,130,1102.5530448447994,1084.2418620649282,1062.8696331617427,1016.2323315907302,1090.19723451575,1148.265530589179,1177.0185554032978,1147.9948699083288,1156.4782932712685,1146.6985127131222,1119.9926426614732,1105.2241365418329,1150.4341008459185,1152.245782760398,1154.4356059724525,1168.2847076764242,1208.0013709067186,1469.6088607760873,1461.9533276323846,1370.9545867346064,1415.0483593069541,1343.3639736648126,1250.5668437444833,1168.90385991277
Simulation,131,1099.4870738328093,1084.7679532366749,1075.54655509384,1114.4245357629266,1106.5881625785753,1170.4659162884152,1262.5592354670127,1242.643335229014,1220.9158999878057,1237.6904480487328,1186.71017667291,1176.5025621993389,1199.7648422997513,1191.7206509828884,1159.0296555058972,1161.3327412498145,1187.3217818358762,1430.692014346067,1412.460243345762,1376.7804182312611,1374.2322707370206,1294.5294226967328,1230.5492881195485,1130.8928622989372
Simulation,132,1087.1447688498085,1082.2137697198405,1107.0548810092203,1051.556084364887,1092.9672796189577,1157.1099218801833,1212.599569116559,1219.918005942804,1207.9539040636505,1203.8332416793246,1167.5165197959104,1175.9483367550683,1159.5512433758133,1118.08655445477,1107.1289031318552,1148.6297751337222,1209.6099817783956,1407.9341038637488,1463.8446950081932,1377.1688150060695,1402.4138504941122,1271.0375112413954,1211.9912763748866,1108.8947818422766
Simulation,133,1094.9489826429137,1076.0788013243841,1063.9528512726956,1062.1853226500218,1097.444079,1170.9340581393324,1233.823572651449,1243.091411157852,1203.739402,1209.263930163679,1187.7746975174769,1174.2452942796638,1154.1006079411732,1137.997444430463,1110.5125875643657,1123.2074750736804,1187.8223471417296,1421.2424176496118,1441.398495851213,1400.8945968057342,1375.8527258554454,1311.8745623500201,1225.3535709280397,1147.763456332738
Simulation,134,1090.7451714329206,1030.1626829209815,1057.5118345764304,1102.838967058085,1107.2180464499959,1154.7314916520177,1249.6321007050897,1207.471624089512,1200.8769188372416,1184.38550100785,1160.8672818415437,1157.1942269999997,1175.5638724817263,1155.0584773394123,1124.8711729176925,1157.898143648854,1194.496347771992,1360.6657417534138,1458.2314493005542,1338.0704168546579,1353.6021501341284,1284.028965917034,1200.7413061428244,1073.5113907247064
Simulation,135,1103.4789533,1137.4171314767375,1077.2915045756354,1092.8254779388574,1126.5512594225265,1156.4550704914914,1223.8165536255367,1219.8878107045396,1201.7243710303742,1178.8420454778995,1199.3847883346705,1175.3059394824963,1193.7934927475217,1156.8609725838191,1178.8031590086646,1200.2096627853812,1188.048860104948,1412.3598075582224,1490.3444589103985,1399.1543717755412,1368.2406843876838,1253.6929475581062,1210.6833406426774,1201.485982955157
Simulation,136,1094.6310442529884,1093.1536288162756,1084.8435072434795,1098.3883905004168,1106.5643513043826,1178.15333984588,1283.8656682732942,1254.5980473583045,1207.057997970514,1208.7925052004414,1185.3326056830674,1188.3905447344853,1194.7703369046567,1177.8481519676561,1188.5045851316645,1147.4599728364842,1179.195235636407,1382.4708752887996,1445.8167629357654,1346.1473551673596,1376.141384776923,1250.5222794145861,1165.5807065649603,1139.5963024584598
Simulation,137,1080.286995850516,1114.1229356759004,1081.258268892302,1067.5669501200027,1075.4768486018882,1164.5690433390732,1237.3392182476234,1237.2579325776976,1228.3980398691317,1216.330634421283,1189.7951771065275,1179.6109982627745,1197.2682607967624,1163.8561333431512,1182.080331229135,1199.982659344443,1242.1272289390565,1403.983162300606,1436.7787947602353,1432.725109751703,1399.2196614185127,1297.5025554923595,1213.348510570479,1154.062677076604
Simulation,138,1100.6974871638693,1081.5191930565882,1099.0888276783858,1097.439851,1103.8669957447526,1154.7372718312602,1257.6499588350223,1227.8571014695988,1186.417723903045,1220.6232737924106,1136.9151626892158,1136.8112176878017,1165.7580978203039,1171.6286775844756,1145.1738447019416,1162.4428325636638,1192.4566972008824,1430.3127919556928,1478.5126857811201,1425.9706638259784,1316.0485625411968,1319.3991446550278,1215.8387464718114,1152.9559730385602
Simulation,139,1100.9626189804676,1089.753475717366,1110.0447572333183,1098.909515099502,1117.0130738666494,1183.2150020658355,1270.3566215639023,1178.786378370104,1194.4371372693508,1204.0621654114466,1174.7552545347828,1173.2475490760858,1195.5732359206334,1164.0721864,1156.7481609557217,1176.0640564432988,1182.8449278208593,1400.1126690327324,1367.5693371551497,1415.2364775458084,1374.4157159995773,1274.701627302241,1203.4214878926487,1144.1648685176897
Simulation,140,1105.3145909158497,1086.8049363860637,1087.3516338815043,1067.9410051277541,1082.1588527223564,1151.9481538517573,1234.7800534738894,1198.7909704278245,1209.0227323638533,1205.0793961352365,1178.579898546063,1188.2794312291924,1185.027730162631,1165.5859032966137,1154.6574796152458,1184.2659388629795,1214.515827963287,1406.6870288269306,1456.9278663176638,1397.3037927648127,1375.5112815285993,1254.0294590749577,1194.3741902257607,1091.310581753864
Simulation,141,1141.9075148822287,1073.865454919283,1095.3461625129491,1128.1322280319218,1127.5747392224378,1155.1263337969058,1212.0133217410857,1168.0585836976534,1189.7447593182133,1147.053856803571,1121.138573872352,1168.8098722911234,1160.2559494985862,1158.8131328147026,1096.808368471131,1184.8862735987461,1175.5723657234762,1456.9361645868087,1427.9326718664254,1414.7823518101643,1363.3418240001977,1295.6284777368849,1180.1822910921132,1132.1328026449612
Simulation,142,1130.4967042611527,1088.2254876722209,1075.1157168677983,1092.2140588404272,1108.3821228221423,1143.7405019155733,1225.0500128975693,1212.7527802257543,1197.0883420285804,1235.7552542810913,1206.8810821833229,1181.9184745621365,1182.1749420767153,1168.1493429284735,1140.9788416249244,1125.3235190226594,1194.7702502195302,1366.7132669460989,1369.656769425836,1432.023577672397,1304.5328275563547,1265.4563892952337,1193.3858806608657,1125.2753103189
Simulation,143,1064.0230900697472,1077.489210530502,1068.7582856742358,1065.1614134472673,1083.7171474420236,1147.8314678844818,1228.91231850692,1213.2646505918742,1209.6331198672392,1230.5889157364275,1176.9817969790608,1206.9067908364389,1224.2907578083446,1180.118361,1174.3828866626382,1102.851501951256,1120.95384893603,1342.6500864421637,1379.660872409014,1423.6986129439076,1303.7294648448942,1272.1441295620148,1167.4366239374083,1116.9656185163974
Simulation,144,1095.7327971250952,1043.1512351954757,1070.1425110396299,1081.5313452365106,1094.5908488356397,1166.2389347844933,1243.6200433961046,1256.125846717072,1241.2190930097627,1253.239232687302,1202.0196673181463,1197.64071226426,1202.431851739708,1162.6228829601503,1155.3066452683186,1156.8687360939443,1201.3655414507432,1357.993024686771,1454.059909374734,1399.5303622904346,1372.632116931718,1297.0153315461407,1208.1923123949055,1123.9685667372316
Simulation,145,1090.56461457788,1081.2038326061602,1073.889960544945,1069.6230286229702,1107.0278320820814,1169.852821053412,1249.0808468951052,1195.5098582973458,1178.8945198780546,1155.2022970992587,1172.7847860928487,1146.3118646380694,1164.065241650673,1141.824236825959,1136.7007861253533,1163.7225855928993,1183.5167252399983,1427.459715551008,1375.8340189859682,1401.2789317766008,1346.27516465477,1278.0520408526124,1214.5170131529549,1133.3575942720058
Simulation,146,1096.7720279909784,1032.2323380212642,1059.975546801886,1097.9625947973468,1096.18052034391,1170.787125815175,1237.3079846297926,1214.963603865992,1206.505251866625,1218.1947859942038,1213.6777956046126,1183.9308358035519,1193.9898346075267,1180.0364927805304,1202.677901451935,1170.0848843473682,1201.7560333216832,1402.7874724717879,1346.9791579873713,1343.3017278028628,1350.8168599306834,1284.6471487123033,1168.5739264451638,1118.7434845270066
Simulation,147,1087.3000766171865,1070.6928723726933,1081.4847114273605,1076.2376695382177,1094.3252856940292,1171.71182071452,1194.4055602921146,1199.6743811952556,1190.540928101679,1189.554600693924,1188.7807435947734,1160.763758758676,1167.8086985928585,1159.7785437192722,1156.4109874029702,1154.9255439161614,1175.251920674084,1383.7202495588558,1407.442099488565,1352.0658498046143,1284.706720829795,1198.3758342975832,1140.8566349551859,1121.8517395981353
Simulation,148,1051.5138928261213,1085.139061524091,1062.367841553225,1075.5228282180128,1078.2552997004975,1162.010449997351,1268.8813767312197,1275.1056927609263,1260.209275172252,1238.1926547783362,1233.5548694029467,1243.8426252314916,1223.403896787634,1192.0835581078295,1228.4683414255144,1193.9122200966012,1158.490881755846,1296.5254399932255,1324.6844314659565,1389.0378890537786,1393.8770830371172,1234.9924003461867,1107.4973754321743,1089.1853796834575
Simulation,149,1141.6268167418618,1090.993124887398,1078.5858852031747,1078.1514843977957,1091.8274776254207,1144.5715475339737,1227.0803690716907,1246.0443425678263,1189.850290771083,1205.6859836481171,1165.5612930000002,1153.7526390820706,1174.1378331397675,1148.484268378553,1165.613414206612,1168.3791199251752,1199.582026220339,1449.1134241001564,1430.0411311973835,1441.708469460038,1377.6422672848907,1332.165368295225,1224.7726729248589,1158.3830868772814
Simulation,150,1126.4900269224177,1086.4234418575227,1088.6673204681108,1080.2889173716705,1074.8537020504493,1139.9520848112106,1268.1984216904866,1252.0309369483975,1237.4831192663698,1242.9529360000001,1210.4868501809026,1208.0745635651313,1182.6051641929182,1192.8539791792582,1148.130745,1156.709023659248,1190.8494967809327,1325.4951525285026,1400.416117010247,1447.2525897692005,1379.9739760019172,1296.5681493450636,1210.9271231263433,1148.1614975288442
Simulation,151,1082.1420267510575,1083.6359330900063,1071.6235430245877,1075.6591389078587,1094.584597770208,1183.3255116332352,1239.0619803080253,1226.0045239971823,1209.5622679828361,1207.4260019080568,1185.9598687222087,1179.9530583808705,1182.6178317411939,1163.4455671818366,1172.093086009036,1173.4002091420025,1219.0090084410538,1425.932873106073,1344.7205136439566,1395.0629147041254,1362.0034801063628,1293.4311910000001,1183.0841262464996,1108.9406530474241
Simulation,152,1101.5295081784238,1034.6177798387164,1022.802972316418,1053.6662537461843,1088.1255235677088,1154.6603191837592,1226.7968428639879,1259.3492855454278,1215.0504214364141,1245.076979922443,1215.2585499686659,1177.6209103675387,1164.1970403339549,1160.2194530000002,1160.345522773368,1150.9347439853864,1195.6868813298631,1356.505702019507,1417.439354553899,1371.9362268928646,1375.853928,1299.8977382689352,1217.965340980957,1132.4120874758673
Simulation,153,1103.587899486669,1048.6355863812269,1091.687605914613,1095.8089062550468,1100.118706950538,1138.4666504731197,1237.1171083946424,1253.0385639155961,1219.6138168303407,1260.452761150672,1234.218922445333,1224.4199315898734,1214.9886973267896,1208.1624318538325,1190.698507,1191.06702266882,1160.522562643232,1404.5301189444942,1406.779790668705,1440.6673721505017,1376.7661090117458,1261.1839395770198,1184.1207068520678,1138.992837
Simulation,154,1108.7859545030192,1115.8237232447245,1083.9923065985345,1055.7325643927159,1039.8926383915386,1101.1350868605525,1166.0109864726996,1219.8746312159392,1181.1082556000001,1202.7478582869946,1165.2142141224952,1162.2958393526148,1163.3978338116308,1139.821597901053,1166.075083242096,1181.3817547944948,1191.4794528901377,1436.7129994406887,1440.6718143034504,1422.9406323188205,1373.2117459555518,1333.3045088055173,1224.5229229212214,1174.8577291494125
Simulation,155,1110.641356219273,1106.623752652727,1080.4376735799133,1101.7956380421833,1109.0246215427976,1182.3218180712176,1259.759364590055,1287.8135511925095,1250.8740020414286,1263.4166669373456,1232.9994520320263,1213.91843073621,1208.7544227982794,1194.434119381208,1192.006683560498,1184.076359760925,1204.3910950757677,1399.822187596867,1433.6471231025523,1382.5387653204534,1371.2968446645534,1291.6434766459688,1193.8212987326835,1132.7641714332053
Simulation,156,1105.402378213184,1078.8253119741314,1080.5798920513935,1078.2476403091944,1101.5962714718771,1155.116785489795,1228.4133345329096,1224.2978679823618,1205.1834000439956,1210.912039,1195.3147251278701,1181.6163789047234,1159.3481153700025,1140.7073610025182,1178.2506183637977,1159.9450950317528,1172.755357968057,1423.023317394528,1445.138546656395,1375.416735292472,1354.1485645734085,1271.460852770922,1213.4020328742763,1122.8570797381374
Simulation,157,1072.5413123739954,1055.3737728388821,1027.7554121642831,1053.7454523812144,1083.3927222260459,1121.6522093538701,1178.3353396668647,1210.8773191817968,1187.7857886854047,1194.290829952013,1185.5019153947374,1187.8019594904058,1174.9080742238343,1200.4628107238477,1204.3928923363405,1170.497921960111,1164.280026342815,1340.7904233520374,1458.4265963981697,1320.065750869222,1333.0064029814594,1243.5930728895546,1200.7744635723948,1136.671652530344
Simulation,158,1131.7097809405761,1102.3106301869525,1135.3461788157642,1085.6032958419823,1084.415814079537,1152.87406975281,1234.6306629701726,1225.2873165456203,1238.800982956808,1212.7294277679837,1204.4995801936566,1206.8252669532012,1179.6788114457322,1186.0303176852638,1174.7015860801278,1186.143856274585,1190.9505954769381,1405.8417861555424,1425.410542236951,1450.8749979821212,1371.4267968861127,1300.6660193085763,1231.889828768415,1163.0901536619835
Simulation,159,1114.2387219946454,1089.7996639965666,1066.0915682353104,1084.7219539877572,1093.8941170570936,1135.7974999390265,1204.3443652378749,1227.94260558861,1191.8270392396414,1199.245988577576,1187.6699235421409,1130.9532228723008,1143.0873048531967,1116.3382935478496,1148.350451770816,1151.746211188328,1188.026317,1408.8620122596255,1420.4728221220344,1387.9981940089185,1399.12013470002,1305.0834212363752,1232.5869523953456,1130.4128525613132
Simulation,160,1078.555176987084,1077.2948758757814,1071.1579459392974,1078.5516252935086,1103.7164746431768,1147.9077483700771,1216.717396098105,1223.2276774006962,1208.1967160000002,1231.5350107733911,1191.7743656127634,1189.4666352513107,1197.895463972983,1191.9435583792344,1194.4195576708296,1166.518263077424,1160.592313054877,1401.2895957093747,1362.2587708877804,1381.4351679866977,1329.8179603988413,1287.045609666174,1205.665022986398,1121.8338766370885
Simulation,161,1058.8318006513002,1059.9243414621847,1045.2447997628299,1071.9458284509085,1084.9904148976223,1140.1402618153604,1247.2273401110633,1216.8691198912763,1219.610620717453,1203.9431131877313,1187.3312150121626,1182.5084188061383,1182.904505584751,1173.4434532621246,1182.4990208618458,1151.303134,1167.0649729563556,1360.4005940988475,1357.3202112918457,1295.5755402970465,1307.0283865659235,1219.370438994517,1126.0694622371952,1109.855343603664
Simulation,162,1082.91544029312,1076.5652907631907,1073.531517346439,1080.1896313343507,1101.219060784038,1174.6830342441376,1254.556620170474,1252.0507400330548,1233.9107238424235,1235.2559260903888,1212.8391779324181,1216.3492639383048,1212.814481582183,1163.3513918031929,1163.7720521255135,1181.0496838198253,1148.2530204167606,1314.0126132385276,1446.7253132149913,1335.5534415361328,1395.3446578732567,1228.1340691871062,1178.7218391519982,1107.2494166099061
Simulation,163,1104.4519529360607,1092.59510747072,1074.3473834120273,1100.7861274846114,1107.5153940384537,1152.7073386040945,1223.9474574964506,1159.6766091947502,1146.992584017438,1198.3353540468338,1177.069306715165,1148.535201664916,1163.5218122998444,1153.999900699138,1180.7624221580422,1205.0244310673615,1243.6151091597278,1468.2477577182578,1418.107109010991,1395.4477988777642,1421.0941386010713,1335.2383466754136,1219.1653006465956,1162.8229961583397
Simulation,164,1077.2233177618405,1051.1894318031555,1070.0591420734324,1052.1654506225555,1089.6055681793925,1144.6209413376,1215.335608057371,1220.1673244734823,1210.9356570424,1218.0526604484885,1187.346401843658,1165.413115916197,1164.9530450247291,1172.5341324947976,1163.0063190926894,1190.6673510331057,1203.705499349515,1432.284927372289,1318.4898587370349,1422.7341424801375,1406.1766299440949,1325.67157456531,1219.699776177547,1137.8543812949767
Simulation,165,1125.66964192333,1116.511310030649,1145.6465803956692,1102.2556298146576,1134.2082775537265,1173.9260944881746,1240.9091351984139,1217.6800084670685,1184.120892909409,1197.1813246439276,1172.5927236546759,1171.2920689399473,1172.5518127378891,1152.2674137135873,1126.183687926426,1137.7912983363608,1206.8284162754815,1474.423163506568,1452.1473445699055,1449.422105184577,1371.6813629660383,1304.8248994471833,1224.4068057194877,1157.645480074911
Simulation,166,1102.767931307086,1068.2609216197066,1090.1210693016453,1055.8854298442045,1090.4801337346873,1150.198387703257,1257.4000314662735,1233.4386880828624,1207.9629186916368,1212.1961007182508,1175.2704565685456,1182.3960316591597,1196.619608629168,1166.1123324311666,1147.1289954929516,1141.583823644579,1173.2142039792611,1434.604317179368,1405.3893435549421,1449.1996164123927,1364.2282514499295,1270.4803716854528,1206.905658206993,1132.1407713361389
Simulation,167,1093.5584559465833,1071.4622089829745,1084.1309785585327,1074.7075087127794,1103.459682480621,1186.3992651507097,1227.5830181461786,1235.3688058439118,1201.1614773692088,1231.676732490443,1208.6574274995542,1207.979978293971,1204.7229744421986,1195.6648074259365,1158.026997365955,1171.842251822683,1154.2814642785465,1345.8882106299598,1407.5171220894015,1395.0635431237215,1368.732948404898,1280.481734915367,1208.7812671644995,1154.039688936801
Simulation,168,1141.945621122277,1097.8787525557507,1081.4863267539038,1082.972074736289,1098.5620442020802,1178.1069375685652,1219.1105598976947,1172.4085018132628,1178.4931813483813,1206.0107729417969,1168.9629023719583,1155.9060895501623,1178.3565190571867,1162.0690153630433,1161.1010782689011,1159.1929948648212,1196.0193404980091,1421.6146333630697,1374.5965061747233,1467.1807375805984,1368.5880463663777,1295.3297798595909,1232.9602898216185,1147.0122036370951
Simulation,169,1129.9188597386228,1146.864818602594,1137.0544702233378,1109.9273717961187,1134.3154226795943,1205.5844345183332,1243.1861825312365,1185.7915022074267,1186.7323671107806,1212.1714325831663,1173.8457556749963,1166.034536234439,1171.4152470761053,1165.966513481677,1137.6427905369999,1163.364068086279,1243.8474382335153,1426.8526501460494,1409.5304395600488,1442.3039045444646,1406.1345267733964,1340.1193827147029,1216.2894019999999,1149.754329
Simulation,170,1103.323646421601,1094.3543176559033,1069.8909096342156,1092.5960639122927,1126.2613067826387,1145.394709857766,1208.0407006718258,1188.097499587858,1213.3395750849177,1193.4214064673215,1180.6463672687987,1162.8905493683799,1149.7703023803156,1137.6503619360067,1153.9144270000002,1166.7145970345948,1201.218827840888,1405.8564037604735,1456.8590374266391,1413.9902181490552,1375.2802399927805,1278.1386247570547,1224.9417687425025,1168.9209316321922
Simulation,171,1068.997102074816,1041.7472855155452,1042.96712045917,1078.8778628842776,1125.7767955162872,1161.9275241100572,1264.8440289361702,1294.5455506642575,1267.7477941304214,1274.3608750655453,1227.451557998134,1245.7564962464498,1224.2812526873183,1228.7892973414405,1215.7423309517064,1165.4921975305645,1176.2506763385177,1343.8257187322424,1362.2974582345864,1340.6085848923167,1387.523482349691,1228.0941560822719,1137.8100347254406,1091.877023045359
Simulation,172,1083.6000817213169,1079.8057614296374,1052.6645942697917,1088.814765530115,1108.0115850801299,1152.6795439574694,1214.9880314647824,1204.687943320884,1193.7499158704982,1213.5799990000003,1176.842894217272,1168.3112452085113,1178.1033090383778,1137.4707570192554,1142.658954119638,1173.044615451227,1195.8943467584536,1405.3276672041613,1391.837938121212,1355.9257479844005,1299.0180179821164,1311.3170157215966,1211.7566113480425,1121.9442513995284
Simulation,173,1108.2731362680138,1086.271582528628,1098.785672,1108.2734145123302,1148.3304841672696,1165.8475577222118,1237.752148803864,1220.966440451673,1199.4847038589137,1199.7467996210537,1181.4231633876946,1168.0878936773377,1179.7511508964037,1146.4370399978316,1156.5790138314385,1156.4157006100666,1197.538405,1391.0843372866163,1435.2041209677195,1409.5316115173705,1348.9876913412184,1315.3577891190769,1243.238821045919,1151.1223779425916
Simulation,174,1095.6385218281487,1064.7863250492237,1063.9996882084117,1074.4876032029397,1101.5227023646612,1165.893380235511,1231.1137898663715,1175.0405493768521,1149.80664247046,1198.354736674696,1173.2437718365788,1141.925125758545,1147.927089762446,1136.785732094249,1167.6472023760093,1159.4254838792617,1184.547112159706,1428.9095410950922,1363.5902841292539,1372.1524575196781,1321.468342314074,1298.7517522351222,1180.4586660058305,1074.1129807007148
Simulation,175,1102.4634460077182,1066.8368296737112,1108.3270491895255,1077.8458494130173,1099.2828678340993,1158.7866480761495,1241.9221070464712,1228.78845548702,1193.1611647444447,1215.8981304709496,1197.5453612410743,1166.6189572181468,1180.9819208591225,1124.4962199110134,1165.0163005331283,1169.798981025333,1191.8511280014661,1348.3735558792446,1404.7268128424616,1449.6305144016526,1358.3572838691227,1295.6350151947952,1198.0047635802634,1121.7509959884485
Simulation,176,1127.4908183520556,1111.4284777237974,1133.8653636430413,1098.9184477306121,1118.992938542771,1170.8958593105854,1219.4366353400274,1224.3876180037626,1198.8463501081262,1191.2547281668426,1145.7173631094213,1165.106280913569,1189.645112253479,1146.9525171417015,1158.8744236748853,1152.7592364277023,1191.7661093103352,1415.9478815708956,1472.1155537907878,1421.5737337295977,1400.968607313563,1301.0454615039264,1211.277268,1160.5542575293464
Simulation,177,1095.6502995539943,1085.6199005905153,1055.5040865607286,1069.022743605859,1070.7416489838602,1155.0682864992284,1272.9872120533057,1248.358991882963,1236.7299870226568,1237.3009446760248,1223.372170772058,1179.5637515895453,1213.6605629676576,1182.274695642593,1181.3805732747273,1179.953160281616,1210.7427543993606,1358.7965254709532,1412.517160962318,1322.4864721709382,1364.678981729966,1302.2287040601827,1234.5909439999998,1121.2786110607187
Simulation,178,1080.6577270587673,1057.6457864761085,1068.7534513956937,1047.738099528121,1086.566274721302,1149.2470712986901,1205.560001140393,1213.7497219832655,1204.1800350927404,1195.8541127829583,1159.3608060882016,1161.858319804401,1151.690544562364,1138.0212095500651,1136.5330649749505,1106.1618127984023,1172.792236485496,1415.9879731885496,1465.6451814166571,1394.7194048508486,1351.3307573231214,1244.93542526442,1167.882209707358,1142.2276090152423
Simulation,179,1096.2103571675439,1082.4328090448676,1093.6830555359886,1111.178546511666,1135.475913183556,1197.8380929874645,1302.2922601081011,1247.3963555372507,1216.7137300099148,1231.4456622300715,1195.3364998291904,1194.3981370654467,1203.4313263918775,1209.7508521620105,1199.010899770044,1179.9801082398794,1176.7769077408434,1356.6885693154472,1427.2784262957232,1421.9984205169062,1409.56040428247,1305.1131633291177,1213.9596824699574,1099.1084461381372
Simulation,180,1105.851742,1083.7522428542684,1096.204288783751,1075.376622907271,1133.1238329470816,1171.5930687519449,1213.755476920632,1176.7942645920982,1127.6033507271243,1124.8645045614358,1148.5837336420984,1106.8462131343788,1114.3371850467274,1158.2327730771808,1153.1595993891515,1152.7646660890518,1213.8011766793195,1471.0461388323754,1456.343655506341,1429.5976547300218,1376.2501122186911,1307.5977369598766,1206.8220134275173,1156.5010657215937
Simulation,181,1152.154024966945,1116.702783156228,1084.3832343571075,1082.0844593264292,1132.4011841729573,1163.1624838906162,1212.6344943538152,1195.241291565245,1179.6535372245824,1150.629658262669,1113.4680204005322,1151.813557372667,1128.404289706975,1103.8341209581122,1128.5363417990263,1186.1925110778986,1232.9648599344378,1428.1571472577987,1448.1316938891607,1417.4243984378709,1429.4696146883741,1349.0608636926202,1225.0681447070906,1171.5249857609076
Simulation,182,1105.3647894077712,1106.812399021876,1091.3321499104884,1089.4953492759987,1086.8411598076582,1156.9233591712639,1246.260385374866,1229.6368535449733,1210.4086891822872,1229.2259269847175,1205.3442731409425,1191.2852355653522,1214.6763940144083,1199.6155911721407,1164.810418119847,1154.7908161183223,1191.6535048557305,1411.9693258775044,1425.6806752627397,1432.6827823771143,1361.9676260479293,1301.0860327882283,1211.8614092188857,1135.2426097649766
Simulation,183,1107.7544367613154,1103.7950916664004,1118.2067650937995,1072.3335276386733,1091.5232642857327,1084.5111430853835,1176.5367826076654,1202.4986892170982,1203.0047073680576,1217.4005756726417,1191.8944464554859,1168.2883684051935,1199.2876522551355,1159.0280699580464,1164.1361829626267,1163.7830972618585,1177.0279875634328,1407.458157583041,1454.9169512499188,1438.8578838490191,1349.1974543711408,1309.0481459778757,1253.8814703653122,1162.9101453368517
Simulation,184,1093.0857278072258,1075.447918747918,1071.523405847364,1111.0130542437155,1101.2626499938344,1156.2782313057805,1241.6840534870362,1216.331978714041,1195.7858416155934,1216.603602518136,1175.224647737341,1179.1454562945744,1201.4190464719745,1190.329766821385,1183.427442338012,1123.8428896357577,1161.286707638335,1332.9688224551755,1397.7715241260287,1387.901806914402,1330.8112238783913,1231.7208110619497,1167.7343634637082,1122.2294990709054
Simulation,185,1063.3507335119136,1035.67511714384,1030.0497833959623,1005.6945213264647,1047.9533236985853,1086.094533893534,1247.7413289776339,1226.265334624741,1213.8262910452531,1205.444969510896,1184.2029699896661,1170.8834940502293,1168.9828430655853,1153.6968105370893,1159.9609150690849,1204.8487267022017,1189.8589769927405,1336.0719272087736,1323.0887130855085,1400.968277542245,1309.4446596534588,1253.9931379493053,1206.934625,1126.611289076114
Simulation,186,1105.107292559474,1071.154219320767,1083.6099391137075,1066.935340113244,1070.5044659621942,1096.8034630874722,1186.7058032106725,1241.503215997825,1232.9872888014022,1242.5858722158619,1186.5724786876442,1164.0458892857066,1166.2967670867822,1159.4494399458183,1139.691341909489,1159.4279499665465,1157.1395810133968,1359.0746626340692,1478.2569673658772,1416.593849000701,1350.9644016507912,1288.0101032957054,1249.793769876962,1175.1002802938717
Simulation,187,1088.7321443349326,1050.377810083744,1055.7234442215226,1066.9795907921034,1081.1515851932165,1150.586018923102,1214.9032419926634,1208.2139778661663,1197.1706435755914,1182.5223028529263,1175.2733374776003,1170.1571906680244,1154.9764709311105,1157.4516281401984,1106.4699290278993,1154.63713054509,1222.5193617445116,1447.8347895448578,1408.6935956386997,1386.4163707434152,1363.7663205865908,1344.842181253519,1248.9411961959092,1125.2757524945955
Simulation,188,1105.7974656468525,1077.7385535748294,1091.7250778112784,1084.7654949634446,1099.5551287199592,1166.6440041397975,1231.5479590000002,1227.8396965027707,1213.4986713502742,1235.9781877208256,1179.417364,1162.0321410411302,1171.5012235908625,1160.6565690380742,1137.1877021548519,1144.2105925016042,1186.6017817481606,1400.026475907446,1436.3286154562513,1394.6530844241095,1362.3805954581703,1292.4977043012852,1193.2022194223312,1129.3058769435722
Simulation,189,1104.4145727678672,1097.8122622852336,1073.2048408060205,1079.323297345858,1103.0667963301175,1157.6168457125964,1245.9060729316184,1254.8916052274694,1195.48050751715,1218.0499238978084,1187.5765028151677,1219.6842172486122,1173.8297533579193,1199.8834969473028,1180.5758098981203,1173.466070411135,1220.7327913495649,1444.368209740692,1424.9584791388172,1443.2943492856432,1345.4490378171786,1337.824971284658,1232.3820248885984,1145.4989151416285
Simulation,190,1079.6637659305795,1079.0562413098169,1051.6832984373998,1011.2460668092908,1074.839421809187,1127.1546073458724,1258.9186771009604,1215.9896745826543,1225.7129121064993,1211.9944104418812,1181.217291236624,1168.2725996417023,1162.6573180700696,1151.8838169801186,1150.6045653765755,1160.640093620152,1239.900789821524,1425.5372050930537,1445.7709743024016,1458.7800332720938,1368.716733383894,1313.8250606730396,1199.9232059469568,1119.0757210392687
Simulation,191,1073.8247366611567,1063.7855854216414,1062.4858590923106,1079.2464682826972,1067.237654578756,1081.8983678748384,1266.6863489258817,1279.2745927507917,1254.7694347632523,1251.944904839442,1219.608887720432,1210.9681778040458,1207.1515420627823,1188.8548168720263,1158.022764509704,1110.4337202275997,1145.277516524413,1390.1307188318433,1454.9053525265065,1419.1895224300158,1372.755235271883,1286.351541982192,1184.9954432559573,1130.306117950738
Simulation,192,1096.2325056724405,1023.0797281072983,1086.642662241652,1118.4201109795506,1141.0115017345506,1152.97499173269,1227.5269036719558,1258.1555694918081,1212.7352682847777,1204.878774602009,1180.9302743161968,1174.6286011650031,1164.2632993083475,1161.917547986604,1153.0622264164604,1154.2553500174763,1166.0248934032554,1422.786782264657,1407.5662704381145,1446.033601514918,1413.8639665049368,1357.0109425837359,1207.8744118934098,1108.431379388013
Simulation,193,1089.61264419202,1083.6223486122626,1069.964341440516,1112.4323117831684,1130.3169136585652,1159.6427584667772,1239.9733729000395,1210.7697823734634,1214.1201977036822,1210.563999963184,1170.665685045104,1175.9316799406758,1188.6189556501206,1143.66536844402,1110.2740276771272,1141.5943228592446,1174.2783190030184,1431.882399516956,1482.826958974682,1348.0577654906597,1350.978581503196,1277.7399366245206,1204.4057483573858,1145.6244666756463
Simulation,194,1086.1439048227473,1060.8334709288415,1062.1038902510886,1046.5744266937343,1089.7868518090852,1156.9960768527299,1222.68103866396,1207.2428277446486,1224.25200987721,1209.570447,1167.9387528077875,1174.3134799551592,1183.149507583006,1162.5716735029582,1159.4278193438665,1167.0717678987826,1192.0815400000001,1386.7576945655435,1419.0546245523597,1319.141055838675,1390.33695887151,1270.315846809602,1184.4856521787508,1092.3948469402958
Simulation,195,1139.9973509359763,1097.3361240670067,1065.2655086254667,1068.2245184117573,1082.3344633409215,1142.8639288012964,1212.7354580727567,1190.1799631788203,1178.7966564712037,1200.1429041971603,1174.092825489175,1146.5418295421432,1175.9210957420794,1160.8975160907537,1136.7077663948774,1180.8114870279612,1207.3477401786527,1464.6455850740967,1430.565082325268,1452.3207138949879,1404.810165672715,1346.0720700753322,1239.7073196574647,1128.116279289068
Simulation,196,1100.7501572370215,1115.4844428044262,1085.7359142610032,1072.596683524961,1093.7578443125713,1173.4938785201716,1248.721450509563,1220.3891662835706,1143.9182055614908,1192.2627372012214,1157.261819056178,1150.0594456997403,1145.0715280811721,1167.9148236027638,1133.860439278231,1156.391564369218,1192.4218361152014,1409.9153730067467,1397.0215906936098,1430.5390992238374,1337.143390069908,1319.5481103020722,1205.135514164629,1137.3166726904954
Simulation,197,1135.7753110857366,1116.0718050250503,1099.2250325167222,1093.734644158963,1095.1807813533694,1139.3160635558359,1236.1414376732853,1217.8773892009788,1202.8092029999998,1230.0303399280626,1189.932357294753,1180.307140460623,1179.5233827122254,1167.060726334472,1162.5672998420157,1153.2548765835031,1141.5343818613946,1343.660914772552,1443.8387144558621,1442.063522534365,1345.7914393736112,1287.1509187247675,1210.6604674700798,1157.2088450128365
Simulation,198,1103.5758942124285,1083.6867964634048,1096.852595415316,1106.910220023206,1100.4966714343802,1144.2555875191674,1240.9202672862396,1252.4909705769996,1227.3834260066358,1226.344301307509,1202.980310543333,1201.095163861907,1191.7591748708796,1163.7190884562103,1204.459153843182,1153.1870594886177,1158.770252483421,1322.9577920417373,1426.799859026584,1397.95776246499,1365.5988102237002,1270.4429031181728,1199.5688869007417,1106.019016948251
Simulation,199,1078.773038179245,1061.3304797994665,1042.7045193915746,1036.793004729896,1087.372479071285,1148.5932471677265,1220.0188963971823,1214.7026152695194,1212.5682317298667,1223.5840198683077,1160.0497586933634,1151.838709409548,1183.4453677017348,1115.7711461609865,1153.6476919814684,1160.891853288275,1145.0022635698635,1420.6413413649816,1342.4116115151242,1350.0092141409655,1304.9620287562354,1281.5559613648759,1194.0549303907849,1112.8446160063918
Simulation,200,1097.0490703014425,1053.3175392253481,1079.475274,1075.8296259385806,1095.6840152942384,1160.6078589763588,1223.800752612131,1211.7618294103,1186.293238318397,1197.0230538842218,1201.209433526982,1174.939041806736,1172.1457177303012,1179.5548125109156,1159.2292638361719,1162.4544568716983,1196.6803675041863,1388.1940269675845,1446.453910596865,1401.16854020643,1388.2966398114695,1252.8750120050092,1176.74468969901,1134.3727493565207
Simulation,201,1103.908129646461,1061.4113280572603,1078.6726002054424,1075.6639958597032,1091.1719287273156,1148.4926695270335,1276.8855239238865,1224.5303482079476,1230.1576447581606,1226.1803605181335,1231.0045601413938,1218.4880830616514,1214.6772593099968,1195.829201029579,1195.5099458066745,1184.7191055717062,1185.1555378672524,1338.4469137451151,1440.289803101026,1433.5724762053112,1315.1417763554612,1237.8310211927148,1184.467627984371,1134.6362512817889
Simulation,202,1076.1261289852173,1102.595201685884,1018.0010711852847,1033.0198344741427,1081.7130456420844,1152.1729016776999,1234.1695686426867,1203.9138397331349,1207.931342818659,1199.4044651394274,1179.5205460000002,1169.1833764648268,1174.3964374122888,1137.1106366169497,1167.0938580821794,1164.1673425475449,1207.0827592663318,1374.704499060206,1458.9048186854188,1373.7056011136553,1313.855481674418,1247.543568750442,1207.3561105912086,1156.0576724378564
Simulation,203,1109.0915027878063,1072.7389922766563,1095.9130492856568,1083.4486306657482,1102.41709530935,1149.8756497119525,1238.333013133343,1208.9551313086474,1207.0856193886864,1211.0290517331841,1179.2928542379289,1172.550577519092,1177.3247281357624,1147.3711192586445,1150.528530538295,1145.9805261836705,1184.4415483401337,1394.096288741056,1426.4930027265611,1398.6644428522234,1372.6399794101856,1288.0093762981853,1216.7600787589392,1149.7255403538256
Simulation,204,1108.3480406958024,1079.6455484732899,1079.1685428656085,1090.8821424898167,1103.462695221652,1167.9559490552351,1210.0644940625723,1188.085189975586,1200.6261121707178,1206.1731663418407,1149.5848222910754,1171.4603225455073,1193.127962,1173.816122471604,1151.1942111736275,1145.8105631334813,1186.909692402288,1409.7322494139416,1360.3686354425095,1453.68247927635,1372.5392270688308,1313.0803665995663,1193.5384921301534,1116.852040861485
Simulation,205,1090.6915246758256,1062.3779980221184,1066.7074241061484,1049.4867352005813,1102.8568676688901,1145.0961772434914,1162.7826064860094,1199.0745848727986,1198.7010140253842,1193.5256864391731,1136.656581203229,1142.6714179365922,1113.8410411884263,1086.8427844593127,1109.34957560251,1094.3001003817608,1191.4164759769662,1465.1737648269552,1395.4472018072217,1377.1837694412636,1333.911261680868,1303.3142581933419,1208.5743946637267,1139.5936278347122
Simulation,206,1075.5123272475637,1060.7400930516046,1017.1154003475814,1002.9544120456666,1042.5710455179646,1084.2673998411394,1233.9357506914982,1245.96280630811,1207.302965078953,1209.3840644264635,1198.4772475109758,1201.2443046519004,1166.3200132296945,1158.73895070119,1175.527641462635,1168.0038628121624,1140.2744339926483,1435.3299323237336,1432.2385558915405,1391.7349963365323,1353.5982731918377,1252.982393720327,1147.5440526894263,1090.1565198037647
Simulation,207,1125.7979272119694,1084.658771818682,1071.1456836124573,1077.2063341162655,1116.1945522183423,1148.892697902745,1223.7601827972499,1238.3347475206292,1210.4310862240497,1219.1165448540924,1146.7949989680787,1174.1408310857369,1160.3295278563724,1165.9737211376057,1160.5274460515661,1156.8134725809157,1178.3985790454894,1372.8451421455993,1409.2705249903488,1413.8150893084342,1370.8917588645215,1311.8468506489728,1202.1412241765888,1120.0339234596877
Simulation,208,1151.286168615081,1107.2827098338241,1083.2998213844048,1084.4176568994626,1104.6808286549447,1190.6587420713809,1231.5770932606786,1237.409047431686,1216.7600017709572,1219.453648259404,1198.5092638097199,1191.3571476379448,1196.2652376321523,1176.5278130000002,1198.342707333474,1191.4354269131052,1240.0088351639274,1417.7484347907894,1435.0767859082405,1404.3858513910725,1405.3408586587989,1321.5372429325928,1222.0918559936308,1178.749397065542
Simulation,209,1111.2005280333635,1110.7719048977547,1093.4525843876174,1088.73311828471,1104.162949756718,1149.433828605179,1254.0873119632568,1257.0623840489911,1221.0244747297409,1232.2474600634025,1200.2299957257496,1186.6670752619239,1188.516225725402,1167.8532870769834,1180.9205111560789,1180.7119767734532,1197.0389973680162,1457.8783625415003,1489.0917005766175,1465.0567867873033,1390.105237509607,1309.8991196079578,1247.9783946265431,1145.0079770476684
Simulation,210,1129.8545781031507,1089.5811024376826,1118.5792566089863,1076.1234075300745,1106.6849382759094,1162.9376623378794,1215.5321130114744,1190.7611662410673,1117.1884817985085,1185.4428384209905,1169.471997104294,1146.0246903757418,1175.1000283482954,1141.4589558335344,1158.9239768101804,1198.2780475589918,1199.0411125778187,1464.5929666046204,1437.649124931276,1458.5001919372382,1352.2265733218935,1326.8719235773,1249.0912612381996,1147.3458503385318
Simulation,211,1131.5674119796975,1086.1721377043277,1077.3005407095945,1126.764519777486,1121.9695031305585,1132.831559585373,1217.3828286864923,1240.6555057185028,1205.1281262874027,1210.7991637790412,1197.827112596411,1180.1495993491915,1178.4240992160562,1159.6052225608364,1132.1314521698848,1140.9443677815418,1187.8073073345333,1392.5552326476134,1422.6601377851803,1433.8885440546255,1390.46009118616,1323.8479777708123,1274.8861864515454,1137.2113080074926
Simulation,212,1093.9225388249795,1069.618572502733,1085.2134673829376,1087.3883483285806,1103.9337489856598,1158.0273001022344,1213.7174448935666,1229.2449294822927,1239.8669265991766,1250.9211594520536,1193.8545601502506,1184.026019031113,1208.7498311224278,1178.5580734972673,1157.7099962157229,1166.9694180679674,1165.7688892555152,1369.927139255908,1362.682963993073,1424.1198407432303,1393.217996198555,1298.3374247850766,1214.7610968916345,1132.846919308601
Simulation,213,1103.7566932980292,1074.0404664804826,1064.7566984720218,1055.6710778366757,1101.5904004803938,1152.6236574483726,1232.5575303974801,1228.550729254209,1222.7442558555763,1263.6470198891827,1194.712328104048,1183.5969531730711,1176.6218499103895,1158.5399462268056,1131.736075872957,1150.1894979719352,1231.2240623147454,1433.774134653871,1476.1309709550796,1339.3371242902645,1369.6299593639708,1290.596251527775,1232.7616728628464,1128.0014755331172
Simulation,214,1100.3353979682004,1093.4691589955805,1079.9539131999375,1069.869951859507,1105.8386202797426,1217.9436589746697,1268.0796692286183,1227.1909560986628,1196.8813914602329,1206.7997142318225,1161.8645259450655,1177.8904420136532,1186.8215941282456,1176.3957496135076,1156.592221943037,1185.7741916896384,1222.9840535750284,1431.8825368038483,1386.6690786047511,1401.9157608664195,1421.9770205735936,1310.0343274960085,1208.2261264002468,1132.1676661010654
Simulation,215,1113.7969997654518,1039.0541118639535,1080.2899609120984,1112.579472218088,1111.1379537069413,1160.5111422781824,1251.82733927516,1265.0547085487765,1237.482156400364,1242.3271573265351,1242.0970793896427,1207.2262359147312,1199.3320647905252,1164.7375737786342,1162.6569882271094,1185.4675379127748,1187.8219155763472,1390.222472220299,1393.0552885277302,1434.7289030337658,1383.017440682508,1309.4709039447505,1219.57017982774,1125.3768047474987
Simulation,216,1074.0487586840188,1070.9516431822385,1071.9773521107295,1080.8271616259792,1077.969286374676,1151.7865916423812,1232.4680788842506,1195.8943976912828,1189.75061579934,1216.2745156343838,1174.5471374566948,1172.817916534094,1188.5267707291257,1166.9697350926253,1158.2156975053588,1099.3972636786948,1120.650405701397,1340.9443551748266,1399.0917977243898,1405.849356319676,1347.6678485962473,1293.4791763069861,1213.461071181354,1122.6415298221063
Simulation,217,1120.2202690834554,1049.4510036040924,1074.253038,1078.610425299932,1102.3098811037862,1181.765959156488,1239.8112822551295,1237.4133729807093,1212.8120282593895,1194.012178812721,1169.3586186162252,1160.3785516650103,1153.3163879680344,1139.9660642277543,1148.5994687026537,1140.3221259392874,1180.8582003199695,1410.3860429335182,1439.9202627706102,1371.3871030576315,1378.345235879036,1245.761566014521,1184.4072378535195,1099.0928935150448
Simulation,218,1101.2819594336381,1081.5050793948578,1064.4276764876454,1073.6446566602688,1109.671852503265,1160.6995633269419,1237.078934216196,1222.19208154006,1199.488112571375,1198.5376600021957,1171.9843467452104,1180.8999652886903,1163.9439402425364,1168.0379897740615,1168.2798462648414,1137.545237005712,1181.3219784709268,1411.6464651226038,1436.4455423280442,1469.2760745519913,1363.221383114017,1300.6413930818978,1227.7566724888432,1132.402222073202
Simulation,219,1106.8779382157165,1091.392260764195,1088.3074239098605,1078.5584363829446,1093.1822827535796,1136.8931747896268,1235.1848735687033,1269.3153641350352,1207.8189784543554,1218.7235363348389,1219.0679532961572,1189.14479886443,1184.049539697413,1188.2344430647313,1157.5286463951118,1195.3320907144303,1201.8761344172026,1387.4627353881624,1449.4668440219755,1437.9436640433098,1424.5892810452028,1333.1813970323356,1255.1420263614662,1163.2623552335206
Simulation,220,1090.9585901968182,1060.6626561407584,1052.1283304078838,1081.4851982792966,1083.048467206753,1123.8180063758148,1231.208241410985,1246.4178230342288,1248.1787964191708,1229.3458121438107,1201.6515544303663,1197.9134613746332,1166.7329595836304,1184.4404677465873,1158.693443110956,1128.956868,1180.9150253547748,1321.2996531142292,1374.2084891711954,1394.9360370252402,1329.6640810127033,1291.75752935837,1224.503134703651,1128.4363706461256
Simulation,221,1076.982249134966,1065.636291107303,1082.4070821720475,1045.4985920652616,1073.5084354196877,1132.2678655475088,1244.4258926534028,1242.3566616349283,1228.2769812478882,1202.5870871930485,1172.6041804403808,1184.1661647125454,1179.92506288079,1161.938608,1161.3412793877455,1129.7605054829098,1191.6864826621163,1390.9909890236124,1410.170615718791,1412.1782290775316,1379.2257139137087,1272.7700335589036,1197.475189693376,1138.68737458861
Simulation,222,1120.8912389890963,1090.9162027006496,1081.612378366762,1084.808389014082,1105.4607621034233,1153.264152338167,1248.2801187254936,1247.232143201724,1208.523533,1232.8837743175975,1179.78317770981,1164.3864935050933,1171.1024968282743,1159.0298098423868,1157.5510307770364,1143.7325345468519,1209.59722567654,1409.7358270865855,1429.6233141989703,1465.274426066937,1303.8156469955163,1308.8448649685838,1226.2986718365678,1136.7904906069339
Simulation,223,1041.4358064689795,1065.4386843289656,1070.6258222313245,1074.4910703429043,1101.539409883547,1171.191473960413,1237.8508800942886,1223.5051593129615,1179.4480433095553,1205.9885939748706,1182.411871811088,1173.4630110853993,1172.9109375179603,1172.4996864189334,1144.8381168161766,1161.570348,1213.4151075935786,1447.7608628148967,1382.52563122035,1410.5264297804354,1400.558903317599,1313.9414906815634,1171.3660628283262,1114.11529680084
Simulation,224,1106.5563945439635,1078.064352040309,1057.8642352516604,1076.3943761576083,1095.1147000415706,1155.3032371131335,1247.6030991633509,1215.8366083386952,1184.1738520738488,1154.3143617393366,1141.502450224702,1126.8697461522029,1142.3252991262307,1136.4874667287643,1158.1555765333521,1184.696151120537,1209.897562737268,1444.6909028472835,1449.2349167076495,1439.9587528977868,1392.6219602048836,1312.0610662474849,1240.81371021824,1150.165688317254
Simulation,225,1099.4727596546984,1059.040335586478,1057.6971168773894,1074.6113877784699,1132.7737165201445,1198.9813212423842,1260.1263011011813,1194.8496767676324,1200.3978693430045,1244.082613464336,1191.4005092072923,1148.1735362579425,1173.6368905066,1159.972804355836,1195.4097164742232,1159.5573084769574,1196.0208130633127,1389.4543044130828,1466.5527671117245,1322.941125011148,1335.9078363382005,1206.5428560108846,1150.1687256084665,1135.1626838382745
Simulation,226,1104.856008650179,1086.7822709291775,1060.981955999332,1081.1047279740098,1085.4924080692838,1151.2517831652472,1226.5717814444213,1214.4489254566893,1168.295669615743,1201.3970026446339,1165.3229295424428,1150.725167022413,1174.3354155642107,1168.4278868506951,1159.3479385042676,1180.4839346559709,1198.2556276195246,1435.0416883560179,1453.7226954210385,1418.87937835332,1420.5491766554796,1330.3507788050904,1210.4640860871286,1139.2097745260605
Simulation,227,1109.8424929939765,1093.3269208120441,1100.336097097416,1083.7415952320914,1115.9856538074773,1158.242492925518,1228.4316074441417,1215.4530350182054,1199.2315638494863,1206.7970812066858,1189.3911568674885,1161.119293421252,1158.8593893122859,1154.4763454344231,1162.265753111774,1147.6812856153188,1220.325968795918,1437.8774095785304,1439.1506979867495,1399.8950350015225,1372.3163157994234,1321.599188401793,1212.9029108483442,1139.4842174934577
Simulation,228,1098.1401447497524,1054.0080501959278,1070.882961476499,1064.3958287516343,1071.1143020232976,1109.6875091276706,1231.274183769337,1218.7189303186499,1197.4948386622025,1206.8774481899457,1181.1894792364183,1174.0378647539032,1154.491889534419,1159.0000264974433,1125.1769967607174,1219.593814626448,1216.5500846027994,1455.3129500385382,1353.4974970914488,1450.6783719193486,1405.422857734454,1326.168389482561,1213.7664576435518,1121.594162137297
Simulation,229,1104.0902731713647,1088.6466895436618,1078.8054546226858,1063.2896202321153,1102.0601166809913,1153.989220221727,1191.7787760734102,1221.1292588735641,1190.366531241285,1183.548748793795,1163.3001700631926,1123.911733631132,1153.030517530522,1146.429352,1163.7241358908543,1162.413019961313,1219.8708038790535,1424.8353507137458,1429.3898646886537,1356.4064130540976,1307.1143201769348,1301.7762621649867,1194.05245376836,1170.7551026326441
Simulation,230,1147.6969799964168,1088.5546898386026,1108.3495062245772,1105.874322232909,1110.823376675276,1155.7903088270325,1230.069248339525,1202.7858958018846,1189.0853611558807,1184.7966210816387,1145.8844145443722,1145.910281103732,1167.8097522448277,1135.9446649883696,1143.1709008121588,1176.712613037611,1212.2466557912055,1438.027614325037,1460.627727494463,1467.8537778728007,1410.7255806219882,1324.1691411555073,1261.0509776340996,1157.3715216302278
Simulation,231,1105.260210576939,1073.8232906105354,1078.1664596976984,1075.9797889006425,1091.3711269826977,1144.2633127146605,1245.766002191336,1268.089190499871,1270.4273263832968,1249.7780763987594,1198.94597971385,1208.8264823573543,1216.3943051738138,1188.5030460764983,1163.5474210560906,1156.9703201367595,1139.1588234392616,1358.6398833088515,1441.9789971792713,1399.218965726263,1314.8427423135463,1267.7678432353284,1205.5256827879793,1117.3981452185637
Simulation,232,1087.8721708744658,1078.5461485267917,1065.653206143745,1064.1423376767261,1117.9936155712962,1172.4245692457735,1232.9663302308304,1213.5506672789154,1194.7363748949847,1204.5694458916823,1154.9658936553683,1183.939785422474,1184.8772087024429,1152.8659125411127,1124.4400906775275,1149.3737651458378,1180.9129576936296,1342.3054089876157,1411.574812226396,1357.4596809998775,1382.5253278355,1226.2608334742,1195.3138025432547,1098.8682808424198
Simulation,233,1124.3904072370535,1063.8550483914066,1077.644454885576,1056.8414143576556,1048.849985244376,1145.834705450639,1258.9173861038212,1262.9856921094727,1241.3834992472107,1238.3998632285568,1225.6094319443932,1207.4333358056426,1219.403736185929,1194.1547458978127,1166.9528404216662,1159.4621720937894,1208.5380833166416,1375.3962011499964,1373.4250419088714,1417.3941402571818,1300.9372010967813,1290.7175456813004,1162.9827240679836,1130.8944904091875
Simulation,234,1149.8901296192737,1091.7378017979377,1111.8686896594982,1100.0478123251519,1108.0178119999998,1155.338594362206,1242.9608993815543,1245.6285524724542,1204.8134376692522,1211.0618064663006,1186.8470828683696,1178.3778003620882,1203.2301545871253,1145.9299363804653,1149.1567784397116,1145.9749596866425,1160.6592633512807,1407.889458444417,1433.5225117418397,1465.9543974585404,1308.5868433967432,1274.6511695907932,1191.715844430747,1138.6911728337486
Simulation,235,1044.4969165646157,1071.728819711614,1060.5037381204436,1063.1008130330224,1033.8688844686124,1128.6020876850212,1262.2655042922327,1249.2125538265732,1267.3910664890452,1253.6791942879488,1214.0373265909018,1219.7514739819294,1211.328608704831,1215.228725957445,1193.7623624541568,1180.9746737297558,1184.595784204765,1384.3124972382195,1448.3932076511826,1424.5841215881308,1401.778486511235,1230.489239074507,1169.2853362947214,1137.318945120882
Simulation,236,1108.5816140702404,1066.7826703166968,1079.1371748268102,1076.7298687924479,1082.314831560954,1152.963640265665,1227.830637934224,1266.8977634718544,1236.3090558354506,1242.4776569273085,1209.2672268232623,1178.7573389340478,1211.2190848027665,1165.28163314719,1147.970481550014,1170.7324529316493,1156.1910188172435,1334.4972624300794,1394.620890308143,1448.67570077651,1338.189387037442,1289.0145875532019,1212.326966026684,1137.1817646850088
Simulation,237,1106.8165723590278,1076.9048546793576,1075.488379938433,1090.044076646938,1136.1243751992536,1201.355073611021,1229.2237300000002,1201.7055042251295,1164.7856724662704,1189.6069021046624,1131.8073923120792,1139.8309861401438,1133.1508539173399,1113.5528771506504,1130.0042674882534,1125.476309103985,1189.5597020661364,1443.7898459478495,1374.0773420284804,1385.7256039892623,1354.6645928371852,1301.1759486035203,1213.1729726632607,1122.3506483104973
Simulation,238,1106.8601438791763,1088.4348731963887,1079.1673556965488,1112.3907168479288,1108.5755903840213,1134.2377631544268,1206.5250365253844,1194.3645863028821,1164.3846311060365,1175.9508009632436,1173.6071308468051,1150.211604310222,1168.965425571878,1155.6315972500527,1173.253519204066,1169.8692875926254,1188.5198282311524,1432.9835781944985,1420.8397372770505,1408.706698997685,1355.549371047815,1288.0165581156507,1197.9575334160345,1138.779035337183
Simulation,239,1094.769134593741,1086.7508501082943,1079.6520715022677,1069.5501349989186,1082.2387565479826,1149.4951646964043,1230.183502036227,1207.8157868126975,1194.5551696253947,1197.542040361076,1189.3275287519427,1165.679887656274,1165.289168042433,1161.1513325060976,1170.5547128673438,1179.9336297221637,1198.8693785000646,1424.3022305244972,1435.9396268060214,1410.3896341475167,1395.1220498956895,1297.5648072839545,1205.5741978259846,1141.0094036570024
Simulation,240,1105.4219165019633,1060.2875732718712,1095.0382020026218,1092.2241913560765,1103.625935763293,1147.7890508080084,1237.3256319434188,1247.389413814622,1210.177432047985,1215.0091357163046,1187.14145336732,1189.463928290905,1194.4393855484343,1195.73572118272,1191.3727168975481,1148.1027096106588,1168.4202794538335,1342.5860085630911,1416.389539738876,1416.7384218904283,1353.5738460307782,1297.07537619271,1213.3426151789229,1148.3923894431807
Simulation,241,1112.6410446889074,1083.4406716709996,1113.3350287506103,1109.539541291827,1097.1972229587325,1136.9404494773735,1221.0662646506657,1197.0159609228272,1214.6697499266777,1196.7859038542479,1184.0776514289132,1171.560025199728,1177.6214129518585,1165.6215313253017,1185.0727138723687,1208.678536735028,1230.2354357405977,1444.6387999942178,1406.7756684383044,1462.662085087823,1439.8483351486514,1324.6905258578563,1244.8641185368356,1181.5903579724795
Simulation,242,1106.001427018908,1088.078475917835,1090.1602379026494,1092.3648891457676,1120.3476166908845,1191.5816168467807,1251.566566718146,1221.3168379190463,1203.4532867071916,1228.149574265748,1181.0736024677042,1156.1374116777545,1169.3187556443477,1169.1604606238527,1195.3541894643856,1187.2340627013048,1200.3472064039256,1339.1016735520718,1409.3479402890187,1353.5826794063462,1355.1923941926493,1281.6559759944234,1184.697124507949,1142.489045297259
Simulation,243,1130.550824878171,1078.6642471229761,1081.086396323126,1057.3027133753812,1077.9695338016331,1091.0910975739791,1213.6769727428932,1217.2540718622215,1209.7576190804546,1201.0377954723829,1189.77642786621,1188.7322481820872,1173.6651223553604,1176.1660261285397,1193.8946955195845,1156.63402574696,1209.4903383172061,1424.5326945024785,1360.4115965151257,1461.9238191591714,1390.579588758792,1347.6026969338975,1209.9082476532844,1151.3772131699088
Simulation,244,1113.969009147941,1052.3350331900429,1103.9701974971597,1080.8906421528047,1092.5213172216033,1139.6821984099693,1266.9698084403187,1260.6836375971136,1248.4760191886153,1253.488684828446,1209.2498388988543,1212.0024438793125,1221.7512256373125,1203.9895789551665,1163.0187894285914,1138.6652711776846,1204.700361328645,1401.0585763906727,1473.4861089198166,1419.8417397144005,1382.0011832284968,1303.9822433193447,1210.790205708714,1172.4969570339579
Simulation,245,1115.5145306389913,1090.2136841275687,1067.1250838180097,1069.1503364995797,1052.9489542784013,1122.783730514563,1210.9413035962696,1217.468259935114,1197.4912535187473,1210.8477470968587,1162.1238753456303,1163.8573795302004,1159.4423634046404,1165.5874123878705,1153.0408578170604,1148.6401274866448,1193.8736388393065,1414.5985872441036,1418.2664302299188,1465.4718040160574,1353.3860376045327,1290.5241377432014,1212.6099695574794,1118.426486579693
Simulation,246,1101.726594210984,1030.787204293892,1080.3893256389933,1077.8001903987151,1101.4715159063594,1131.9598863754009,1238.1644990437646,1229.2679326559737,1193.4087497753067,1210.477464862857,1187.1069904956603,1171.1486377122592,1186.0756399417608,1161.952555689565,1178.831049308864,1212.139549703578,1191.5525582231028,1432.5071053576514,1405.6955144349192,1444.1231973779047,1363.344082905498,1317.8124873239417,1213.1063597926682,1154.444417740991
Simulation,247,1123.6318144084958,1085.9882382200244,1103.9319909218257,1125.6787886291213,1127.385044415558,1170.6284149710164,1274.8197832917317,1233.8063629796295,1229.6490806860681,1234.2551643488475,1207.797951508724,1182.4078199681944,1193.3382401188394,1194.4766941852906,1140.9330764786223,1160.184278537034,1178.199951622364,1410.6345884923849,1463.6021574016845,1421.1040779917043,1292.2497891385615,1325.2763267496716,1230.5286042308899,1136.6249815610543
Simulation,248,1092.384444077286,1063.9472511904676,1076.1108169923127,1061.4741407769186,1081.5936538546084,1125.9133511540188,1224.8655067778886,1225.2537604701229,1203.4315252205386,1217.9133565100735,1191.534775304079,1173.880997411277,1182.2362254234906,1161.117990741826,1166.6902545294251,1228.1060847813692,1216.2243526142383,1460.302264110593,1427.3704857942853,1457.5777256748756,1423.6610519413,1313.5038583601122,1213.0866391892027,1166.376815005411
Simulation,249,1039.9075004135902,1080.1536957698345,1073.1159293078251,1083.9048173168526,1098.5493510000001,1168.3869729484284,1306.2362938933543,1283.7022969258874,1217.3960591458986,1250.9969812262775,1201.034584710547,1211.0268318484445,1226.3577538879458,1221.6992849739522,1206.111462406655,1142.8135019922856,1140.405228168514,1352.9266753493498,1410.2815722378689,1329.1282703158167,1375.859798381661,1234.1040182135066,1190.4710354013803,1107.1220163808953
Simulation,250,1102.7455703229627,1069.182848051956,1069.6179185568526,1082.3750874574876,1088.2594623304751,1133.8757241167345,1255.614577,1214.803719927105,1204.6892989143894,1193.4368411047512,1181.7560010027798,1172.2403410592624,1177.2302410900388,1150.8853582024087,1163.0459100753155,1195.6455733331527,1229.6926388006223,1436.7320561309289,1398.8796335314855,1407.608408099617,1356.6410650782134,1299.7262244270723,1209.5398864341917,1125.147744208729
Simulation,251,1075.7728070743424,1074.5141856856171,1073.0290101974113,1058.2273049040346,1074.7483238939383,1130.6144614945931,1233.4242207927678,1239.8063606756402,1214.1214188457016,1237.5289357510155,1185.3617831367583,1194.8723125357646,1191.0586134334203,1154.903475139706,1158.4653680792358,1181.4171364810902,1232.7742030733066,1420.663032649857,1374.0863043106517,1424.3115468315777,1424.0151170625015,1314.9402362316819,1227.8461413807568,1126.6897365886568
Simulation,252,1111.04340638359,1096.5380781837764,1055.8326065879774,1076.0662130206038,1094.2607515907685,1157.776252620053,1237.002789102643,1224.1200416711815,1220.834039913587,1203.2454290820992,1197.0438210092782,1163.1135773147382,1153.651712991808,1144.3983867998502,1173.0557928231085,1193.0431154676999,1242.532822966701,1417.6554900765009,1422.1316332679569,1444.8064647288807,1339.5132788270482,1304.8733279473827,1192.2708077326774,1152.1868379835614
Simulation,253,1116.446642433637,1072.7977760491394,1102.807718967633,1065.664201464106,1095.2509440000001,1156.5975938013355,1209.943854693638,1204.7998751685213,1184.9828172868613,1197.847759579345,1170.6112044729955,1132.3959933125225,1161.6694948655693,1140.5776929705528,1155.7433697820518,1150.0934333900937,1197.5014895341633,1433.1777986892607,1391.2992454850173,1404.412395541189,1327.8064146979793,1292.3516652236117,1207.3330426888278,1130.3416956965727
Simulation,254,1072.2417536438797,1076.2953027713877,1068.7826360175443,1012.0174479382522,1002.07888571951,1131.3146712609093,1181.7734293083997,1210.513370691068,1206.4761089840401,1185.7627274287327,1175.1361006608095,1158.70837143238,1151.936587702996,1142.3433700317084,1189.6293639926948,1188.5547764219123,1221.8269070243225,1426.3628902356666,1461.2632393786262,1428.1424791431364,1433.5248455330418,1319.7602884056666,1246.7825171889638,1139.1757902743304
Simulation,255,1103.1667933898364,1096.6356130422373,1075.2187438296953,1121.3075306967987,1130.710502196694,1171.0013733151031,1255.2166915711525,1221.685791495938,1223.538338490995,1229.1794165703604,1181.8376642705523,1197.736658781142,1178.533579427596,1161.7406866544238,1111.783414672033,1109.0124022943799,1186.5988611209928,1406.7049052008742,1428.217164632896,1380.4094481792704,1320.7230382795435,1294.7159242919583,1200.7411444520524,1143.5060821859922
Simulation,256,1113.0462403784054,1076.2975859296798,1073.412657887473,1077.5719328998737,1057.1867079046651,1116.6269053241797,1210.0296350249582,1234.467526861064,1184.9873896687873,1211.8966286725365,1184.226999082402,1175.9319134163961,1154.2598883168175,1155.2868169959504,1163.8051952875528,1165.6874998237147,1179.4030469111997,1419.2245428388485,1394.6854955494814,1409.8580589615863,1364.7294805135527,1298.8132167377225,1195.391965512361,1141.5921082243876
Simulation,257,1145.323484930587,1120.6396168525653,1098.6220902418338,1075.7089160344326,1114.8422996890752,1179.9111468129993,1252.2717616415396,1206.2012048872698,1211.2831137371575,1201.272988215846,1180.6461165,1154.389523989222,1157.2598248328773,1151.0985714069898,1127.6385020297155,1134.9970758470804,1211.9900086055027,1423.328128448482,1429.300766135859,1433.5772037080603,1418.4622085047715,1346.2088728691128,1256.555061605819,1170.5345894278628
Simulation,258,1070.363651500967,1039.408766719267,1015.0757537868179,1060.5721173598308,1088.2444151969614,1149.5473092292923,1228.4642788821864,1206.219614182518,1201.3999579984218,1218.0249665782553,1195.5284802065883,1153.7741924712916,1151.364516824477,1139.7994936430298,1167.8301355566061,1138.099275244731,1169.8474377626103,1367.6623478681063,1424.2376461279916,1357.5410280360893,1373.9701587338195,1283.0691681099145,1199.0074113035676,1116.772483536787
Simulation,259,1076.192454697697,1069.113234040423,1073.3994519999999,1089.1227862127087,1130.5692586458806,1167.197210754864,1243.5033971098558,1222.8221598345335,1215.967616281741,1230.1786780060374,1177.6608603004836,1176.1412470292755,1168.3729722200078,1143.1104195322557,1120.5634710088514,1120.577126191367,1145.0942379816636,1425.428591536112,1389.1845428702634,1417.436350115841,1359.5647293951308,1300.6491486529249,1202.1413613216073,1155.8664121116801
Simulation,260,1107.3153797554253,1056.9008686951095,1079.957712,1078.304126989202,1080.4212094200825,1136.191740404872,1206.2517764229187,1208.1849904873586,1205.583334894207,1180.551018143899,1171.2269337585926,1142.3371933814017,1160.2656209295826,1162.5217060894474,1156.2199553176815,1173.0787897720227,1202.41379863172,1475.9546710695258,1466.0620610564772,1426.9394412664656,1414.407907,1353.4663437094675,1245.6314062252293,1149.1903986157135
Simulation,261,1052.9285134430393,1025.7900044316923,1007.4001273894238,1023.4739713240576,1041.4831110452812,1130.75437607134,1226.102617727685,1253.8180256794546,1252.8311118511726,1261.0236586794822,1212.7466981761875,1199.9389701592072,1201.992337,1199.870603946844,1171.4696737251334,1168.1649729048859,1171.932280279983,1356.0671924380918,1380.5251880028338,1396.287710637823,1367.2617858223182,1295.5803188554548,1206.7852661278678,1094.494424079004
Simulation,262,1101.0229517959206,1091.687755500487,1073.1480863915008,1079.8660920076263,1099.9706889781799,1168.3486340616607,1258.0046652932908,1226.5667227353347,1227.9671826947033,1230.6562636637514,1193.1018910874702,1172.5486741638992,1180.749689344769,1143.7992209117374,1142.633975878945,1183.0478838374688,1236.3927445094114,1420.0417637506994,1433.8894551372648,1431.8258481299772,1387.3965565590256,1310.55637265465,1280.6246848372464,1162.2624519408485
Simulation,263,1099.4671931382652,1066.9092223914936,1116.1358047679726,1075.6847742,1100.8973716375835,1101.2798597913006,1154.3342024507176,1215.9908147591,1214.6739360197018,1219.658993664858,1195.2482606558794,1175.359914587429,1171.3416119323408,1141.6213669744304,1135.3338846037054,1164.9178614090222,1165.8615121600885,1393.3080111252539,1445.7249144557354,1369.3115187342246,1304.4300670880502,1232.6648632940892,1190.937166249076,1125.455739978945
Simulation,264,1102.7595793949006,1078.1202164039814,1081.0456862169156,1072.5834796151075,1100.4986027315856,1182.934906338375,1287.6338824810891,1227.1400142141415,1233.1651125478763,1222.4719799726777,1183.1420075256622,1184.165180648805,1190.762110577957,1164.171493,1191.1768589706815,1184.9032102832596,1199.4261813141043,1411.6986604464817,1417.8228203416993,1407.0257594948616,1397.7753736283355,1275.3887785796185,1191.406689289971,1098.274284636546
Simulation,265,1124.6973805795592,1104.9087301008574,1122.3105753975894,1088.0543612221575,1138.7575625428956,1180.7835611662201,1217.8090583762983,1196.5305641483183,1170.585028695644,1161.6608858852444,1155.9983688787752,1170.0868717924639,1189.1691144046742,1163.307066238646,1125.7649541496726,1158.5389773419329,1200.907810994894,1475.194602779455,1474.7446759817144,1389.8941235853365,1358.8081976100616,1302.2996959289655,1245.3744796199578,1154.2123580365383
Simulation,266,1045.3848094193415,1089.2104665789604,1071.4448281866771,1067.5880585829202,1103.0113606059326,1157.3344280540252,1277.2018159941097,1193.6232506159035,1205.1670871473993,1193.1851407043464,1155.4703066606658,1150.5575769727952,1120.983664385732,1122.4511909829237,1091.796904326371,1140.4318069495635,1222.27268170193,1430.8744712032499,1474.2391518688466,1337.0512469557589,1449.4622648788406,1301.1938658713764,1228.469310300192,1135.1643625844408
Simulation,267,1124.1917268768045,1082.6182426076875,1101.393371474171,1102.3683847721998,1087.4888495169157,1120.4216279313857,1228.4141264269763,1263.7488504033965,1231.024021969811,1242.2001698469273,1209.1819035084266,1185.1750207719983,1217.918059,1183.4994980640593,1172.926476978575,1176.2012231014567,1195.9196152201691,1369.6057716290077,1445.1421605048217,1475.8089788781904,1321.6685862511447,1277.1089463363865,1211.4465008783156,1147.903600492822
Simulation,268,1096.8063632264482,1063.6024452098852,1086.787437968551,1093.9750151161818,1130.1633048725043,1147.8019546517746,1216.363460533528,1221.3182737070888,1200.064278,1213.1551802570614,1186.2743983827997,1167.428068027602,1168.7612529313506,1145.155564027284,1156.9241009971272,1159.0838517004504,1184.2029945347647,1429.9580257694718,1416.1314718564906,1386.6394558905413,1307.2780127392662,1254.9164200845767,1164.2007962421249,1123.507750086445
Simulation,269,1078.2198106923547,1045.795237313448,1054.9467402579244,1095.3409054072656,1109.9930787682472,1184.2834490216467,1239.0024489148766,1239.932863168248,1204.00020957949,1219.7271069633487,1198.2048734998411,1172.5867596704766,1172.932946882388,1135.2723124480344,1159.4414585651973,1160.479060136527,1158.2607326880707,1360.693815475821,1360.5122414969749,1427.8255228139612,1366.8715044533596,1329.1693810471666,1185.851869894767,1079.0894505075612
Simulation,270,1142.5750003150847,1109.0703170183624,1122.5924392834424,1080.6253786773204,1086.4325203691217,1144.1123111116597,1231.1061760214195,1217.9950220618864,1141.9280977995652,1158.2828661235894,1120.6655644080874,1156.2309378552816,1129.6267003053383,1149.14975,1153.0402954167712,1148.6964296178237,1216.5802764123644,1424.9988080230276,1447.6534754246986,1448.4033477486323,1389.7701009919303,1338.6616749099712,1245.5310052021405,1153.3875470157095
Simulation,271,1154.995802266293,1117.50732210907,1121.5266853987937,1118.1673943537903,1120.4822959928745,1202.5461453789712,1184.3979481934334,1174.584405184292,1194.5195276774787,1177.3954057310925,1178.1952024318111,1172.5723890463744,1150.6517263698456,1156.2513665689387,1105.6917088554817,1142.4950756349158,1205.5351420801103,1434.2558869296026,1462.1408999494633,1418.3456875128813,1368.6079792064709,1325.8891629565958,1220.4970609306733,1176.9629949655846
Simulation,272,1096.7902642066651,1081.8652305651979,1091.3556239005036,1081.2892064443547,1087.9897067958457,1143.370296,1236.7798997336522,1246.145361967381,1251.1781042008156,1246.9826504690027,1200.8951375261652,1186.042630630403,1183.3723133501655,1195.2038236950382,1151.1044913183587,1176.9869427138747,1196.8860816235876,1348.913712211281,1428.6001365286406,1433.1905747354156,1418.7367400741384,1297.2105836949759,1228.7676665558245,1137.9405812574234
Simulation,273,1114.626080695671,1081.8936834200204,1108.75672235484,1079.8101426513936,1099.866823326916,1161.7273331407214,1246.3085401465473,1158.0935683424802,1194.63226228754,1188.198850368741,1173.8433453135722,1138.068353643092,1141.1118547986214,1128.6170319858263,1156.3818834051917,1178.9255005034158,1222.0440428365682,1460.700055487595,1467.0849492685013,1432.6430449349157,1371.1395179217038,1317.6673296531208,1211.3250263855152,1151.3777553864265
Simulation,274,1158.3801793441203,1103.6810397227475,1140.7178224046297,1089.0687436559087,1093.566044666834,1151.5645919541048,1197.8825138415457,1223.21485875929,1200.0920056406035,1209.3064977387905,1177.2304757863437,1181.3381295658553,1167.013282925379,1168.7871038641936,1158.1591460299248,1144.2282467565656,1190.4942768592798,1427.6512792375515,1444.7836502539278,1433.7886836794503,1372.8952616664956,1325.6449522609944,1236.248463488704,1197.4108163852293
Simulation,275,1071.271080533009,1040.7142094493813,1071.452315693159,1084.7752649774968,1098.4564785935954,1154.5013877669678,1233.254747158033,1214.0992576595897,1191.797906024428,1210.9153709356594,1185.7918189291843,1173.0199127009976,1167.3327596362378,1161.5702795858792,1161.135144109849,1196.6272255269328,1208.1626238092788,1422.800620526927,1417.4144146287501,1393.6438691012227,1389.2614198871627,1295.7469474334798,1206.793382,1128.3389672293818
Simulation,276,1117.807996097057,1100.282886646129,1076.6660011951346,1079.501039726429,1114.7929311787366,1158.4423382031196,1187.1542374095866,1191.203096815207,1167.610126247414,1158.972183376183,1105.2512784150645,1131.8989449112203,1170.23386702815,1162.0489241285966,1154.8409567385697,1147.0530718390362,1205.3405188471302,1458.1133997729698,1449.734310957857,1384.879704255586,1352.034129550259,1313.0045017678183,1224.5979775198157,1165.275380872537
Simulation,277,1135.9048503763213,1115.8053952331852,1090.3892338377689,1066.5417067939363,1108.5901439285474,1165.879344778788,1212.3219574488123,1252.687291910556,1231.0162360686008,1227.0597651059913,1187.434982450167,1195.199025072807,1221.4598823172844,1178.635999637506,1183.6934496170434,1194.02762745428,1214.7155349436277,1360.9202214122752,1389.430756882329,1391.4424758538355,1379.9836508468459,1292.1219360043801,1215.6186923780201,1160.256702768726
Simulation,278,1119.6088260647534,1083.221547644966,1075.3045075657326,1075.160089014622,1079.7624526518741,1143.6321895161354,1242.4912453540667,1196.0782917760048,1168.6016689646367,1179.5410117225827,1159.02494340968,1133.9609059206175,1135.230907107109,1129.165058325421,1135.9020367443172,1154.4953485360745,1212.8508694669322,1409.1430978931637,1498.4524413133736,1463.687870363426,1404.5297980128823,1310.2521630653418,1234.5328300048473,1186.6205084250034
Simulation,279,1094.053747225175,1096.3983135910837,1039.9051148549397,1058.6268599359341,1097.9189370796823,1159.0258478801456,1215.7263971339469,1190.9394317223314,1151.0621784319123,1142.853093034709,1152.2445874015377,1154.9476119829274,1118.9623708213246,1109.8602002893758,1092.5350077372611,1138.1081187537727,1168.5952069376688,1396.7778563289219,1391.3445930637636,1425.911071887878,1310.173708445074,1225.9125313720845,1202.166505768634,1135.2562808635566
Simulation,280,1090.7973970234998,1080.1345865671065,1077.081198611576,1056.8345096610815,1099.738627657999,1150.4215429970175,1220.26627594186,1216.8897677945774,1200.0536248244578,1210.912343143226,1178.1267309969994,1168.743079021583,1148.4567082293481,1140.3919726517468,1149.853119242442,1154.9998736546318,1194.401055657873,1459.794113659914,1423.4900208772065,1426.3301632845833,1398.596976892907,1312.275362090179,1209.7911921800326,1138.7763926601133
Simulation,281,1111.4266416546739,1099.115100466323,1086.5301620587366,1076.2430650202978,1099.2365807870424,1154.9339086139073,1247.7111731893328,1239.1261430916038,1222.281756068725,1223.4283154405207,1198.478401692876,1177.6884215129264,1204.239923324957,1168.8202810461476,1152.9696380551343,1160.6401489999998,1233.6791030724517,1417.9345507897742,1422.4582743313717,1476.2107325208065,1376.335172247898,1347.562857414526,1238.719080077195,1130.3185762203946
Simulation,282,1092.6251185850142,1094.6385641420993,1082.6015071237075,1093.3486259106999,1104.0426373474493,1154.4173530393118,1266.4850515707199,1232.588206665667,1261.284699153763,1260.0124967473068,1219.5807449113186,1205.144821620392,1204.1233953485016,1181.7088331692112,1164.6170658983465,1148.229442896041,1190.4762248118416,1383.7234764851314,1407.4940716729036,1415.216742454178,1336.932650660073,1286.3825520172554,1186.9332615262654,1093.5816274805593
Simulation,283,1143.678678746813,1098.7853877533983,1094.01032083903,1081.6716004689383,1097.8946327141957,1149.0870603281971,1183.4200685470582,1196.243333968943,1148.403398616173,1168.5893940393325,1119.0203263665526,1108.1174133101124,1103.6502354669253,1109.8008100496727,1094.0374955454233,1135.8876350452895,1183.2260733286998,1438.6161710679105,1475.1998015059069,1442.9404403748,1394.170982842674,1342.6523781256178,1269.3750119130466,1184.7954817624413
Simulation,284,1037.650497171466,1067.3942950841852,1062.1544811252465,1047.9600439448182,1088.621789004693,1108.0819206203066,1219.4975743971056,1230.5816955468654,1202.3287842507582,1218.7257599188379,1205.0862239797316,1170.8168515740738,1170.1434648057138,1153.4631062944807,1135.2252067652605,1164.3877184152163,1208.6299478676399,1413.6719826243955,1371.8059757600536,1425.0534600719625,1341.760322204899,1249.0470142018755,1223.47089748736,1130.706962771281
Simulation,285,1124.0842655680185,1096.6736280513815,1080.0969067909793,1076.7337998451944,1084.2160501056333,1150.4966980144634,1214.1503304147618,1197.5288092889255,1195.6596557306307,1203.6640731552825,1174.4831380913379,1174.0975088654907,1168.7583740390899,1157.9778856183225,1192.9070924892176,1163.3017470619118,1213.7176585630486,1464.8401644213745,1450.1226676561118,1442.3781257265985,1406.0728994862347,1318.9958649561431,1234.107490198324,1178.1446745800679
Simulation,286,1077.210889784995,1066.8776570297907,1075.4180248969585,1065.7590563836575,1062.2513147296468,1093.9151200797978,1217.3748436836956,1203.8493509999998,1218.6175142075122,1208.444476058875,1180.1878036990088,1170.007611,1168.506025541649,1164.7080198448064,1174.2661763696365,1207.2594001425182,1210.482994741835,1424.4353044977847,1457.3091013013277,1357.974712431612,1411.7616590084078,1320.7234799999999,1227.2199773242087,1151.7120825160787
Simulation,287,1140.7156321341192,1085.7821688852514,1111.576526253007,1102.3014909904136,1099.991781440219,1178.3641007562449,1260.298601638887,1235.5708026858817,1215.3551179657698,1221.3401694935815,1212.7360148030705,1212.412461997603,1167.705412218211,1189.9289616975339,1145.3322765680477,1169.347327095116,1196.5785932050508,1362.4282134898385,1430.944391688573,1453.1694735329393,1343.9902560254322,1275.4003255503414,1140.5354305271385,1138.4458101797086
Simulation,288,1073.8092255976571,1111.6538484960818,1084.6417050906457,1078.7036318593089,1104.462185088082,1161.7388798744012,1219.4220497613944,1176.4281865574096,1169.0982037236533,1201.5132820000001,1156.8973455952867,1170.7645651455168,1165.0186589691548,1150.0084631517702,1137.8520487891878,1160.827745864821,1197.4733803858405,1407.0645255189152,1365.1167134235925,1423.1557861575436,1384.213566568705,1315.9490901625607,1235.5255241571026,1140.864820568798
Simulation,289,1054.6242102412969,1063.4337499160201,1068.8404819933771,1057.335345838911,1091.1467439501562,1148.4336413449398,1269.5410955937198,1269.715544722498,1228.553949201988,1218.9217567833587,1201.570141338701,1183.7357736881452,1174.1109219320322,1180.8043640393994,1163.9377184262967,1176.9775061633304,1139.8956962348975,1362.9878202045363,1395.991141591435,1400.4019049557887,1308.288874618187,1222.8952637862471,1154.4491082123438,1120.1631170371797
Simulation,290,1069.8235547732172,1036.3519323881326,1049.1409937273106,1074.7991766498312,1104.0496243875018,1136.7089951262967,1209.0478602311184,1216.7419658507035,1190.211744149845,1163.8893767960635,1150.4518556741714,1120.6629494222877,1119.2568047103055,1141.1694423624888,1141.7095273584878,1143.3118169994757,1172.5029926510244,1463.3843973789615,1445.2678919279017,1366.91197497288,1343.0602763117693,1308.6588641647165,1204.739573578878,1082.3422931795455
Simulation,291,1106.3697160794413,1081.315760054039,1083.526268,1027.3401699425972,1084.9230422106705,1161.199816674577,1281.2088372371177,1219.449948,1196.1462873942194,1200.2974231629726,1138.7086332965062,1164.6082998871839,1177.3315301432403,1149.772228268134,1140.688165604376,1148.1382833889577,1193.9129499877142,1434.7053808271462,1486.078386194498,1369.6279963723925,1353.9326603229551,1300.9198311665723,1203.6946456560177,1137.7387618984897
Simulation,292,1106.1441714196444,1127.7916859122092,1095.084167613808,1104.7953199102276,1131.1180842991698,1156.9083257035802,1199.4284596228088,1211.3576704046468,1197.9320740641815,1207.4315945443725,1180.653998851267,1156.4256725488708,1155.791805662945,1157.9770911017308,1147.9474297703591,1138.1895392954036,1209.2176824644896,1452.2720580178955,1415.2671778911804,1381.63817009517,1341.78862618488,1317.984427760036,1198.9392904762856,1147.9157924865517
Simulation,293,1078.2020191786946,1094.476194154126,1070.7702216201162,1057.1607418335218,1047.4607265655654,1152.9155056120583,1222.755641868255,1216.3795751510381,1202.4901139221233,1206.176872418329,1148.2421805366475,1159.6670496020722,1156.8207253306095,1159.4485066399463,1145.6965633466118,1152.267168473807,1195.203465787095,1458.0509617972555,1459.9394598674744,1396.349682446728,1382.8869779684824,1310.2207057921685,1214.0297025775335,1168.7669439294332
Simulation,294,1123.6368857780217,1091.348398118462,1127.8387146078032,1081.1907359567601,1105.0473691523532,1146.8085157221503,1251.3885792508645,1223.2036433029468,1244.536842109624,1222.2632438806993,1181.7184069548462,1206.0038925632207,1200.1420345628667,1180.5104380996556,1173.838813693802,1203.3866690668033,1216.2740643970285,1401.6987739932797,1455.9154860055914,1442.9420329100776,1379.786736424421,1284.9385688735767,1208.654142930894,1178.9412391181295
Simulation,295,1095.6828387128414,1055.0772942997808,1067.6976248097035,1068.2531793652183,1101.4018575134187,1121.055151984409,1226.0774923023848,1227.2496660157572,1185.8795939941858,1189.8275841591753,1159.0842948951483,1160.7956050295413,1143.5651768415369,1102.61583512485,1128.9920792544594,1107.960287784713,1193.205419,1390.2541584258443,1438.1325818614298,1374.2539472981593,1392.6295470398627,1293.54275856997,1212.6112983994003,1114.7680610000002
Simulation,296,1055.549789928562,1074.878475947106,1073.283978385858,1056.4331401627792,1073.3916857858699,1124.106362134705,1218.6817546722873,1223.9410482950875,1220.3373537037567,1210.5512214874223,1190.5324555753325,1168.8008736884951,1171.7340971767828,1162.3632608464952,1199.335046399058,1187.0547883822187,1200.2226905936805,1414.4059016487477,1445.2560172605451,1357.789070048823,1406.9557989063333,1357.190008601052,1257.595992875532,1120.497784319625
Simulation,297,1097.1321201170103,1049.0226040329344,1052.8108422239138,1070.319654475395,1077.965144844766,1126.011962602647,1237.8949230216524,1236.5181037061175,1209.0825331818155,1219.068495665129,1201.8867020911387,1181.3527766168613,1181.8129443307541,1183.7301937438197,1169.0148902749202,1181.8879096874434,1187.1784769685132,1415.6333986089069,1446.0310151269623,1430.7866871838892,1326.6311260681236,1259.8717188375176,1180.1086962392296,1094.7634681357436
Simulation,298,1098.2408720847945,1074.516636551302,1077.6808875945217,1086.6395849658559,1110.7889044180442,1163.988455,1244.8499231324004,1217.2252078492015,1155.0183365852404,1175.519374861513,1175.7010008655723,1119.967786210404,1161.2748095032885,1149.9213214652718,1155.9311213571166,1154.5682481508388,1209.751644119882,1441.959397358016,1443.3598137051608,1380.9616204106228,1403.6790176729717,1300.3753270738198,1222.0371614825551,1146.3262630094034
Simulation,299,1106.8100817935108,1090.412376061928,1075.9133793641552,1118.8073007919556,1152.9352471253496,1176.1177902799957,1223.0861954085938,1157.7417711090106,1163.9296303769704,1199.0971917213024,1177.4216283917588,1178.5590138377079,1176.538223089766,1162.707766011935,1176.3520296790725,1166.7225172938704,1199.013629,1421.979592773177,1424.8242002772183,1432.773355157693,1368.7358311447874,1301.1507751820857,1215.449945570952,1140.133955798826
Simulation,300,1152.147253525887,1090.103112597479,1100.06174316267,1095.7093901253174,1119.5050591058286,1131.573785064926,1235.9989566560773,1158.570551493549,1189.10018607212,1190.2879643391443,1149.607605958191,1162.4074495875595,1135.2760602256292,1153.8713584361678,1133.4930356795992,1159.5571277476415,1229.267348649769,1473.248615821929,1421.923968140281,1483.785303413166,1428.2664442559544,1366.7145680865344,1256.6938386920715,1160.283768794425
Simulation,301,1122.626943278357,1090.8642443754825,1087.8256416387248,1052.171549314543,1086.4155769023596,1151.4874781769604,1237.3329172680897,1161.6101826364115,1192.3356307416295,1193.3844695082707,1180.4436221092442,1158.6536025896712,1177.9012657041442,1130.2702624149595,1127.7504029911333,1128.9326123728856,1185.7216279450108,1404.1995725123,1449.5304523327816,1357.7371096227428,1364.9439677012488,1310.8450365177353,1225.1218773328064,1131.2633237029347
Simulation,302,1094.4808664146412,1041.2131848979961,1064.9517259976014,1070.989475733189,1104.42751548967,1153.0518351699222,1208.6010882045416,1189.3208581606098,1136.4915083742949,1145.730953223573,1169.8021423068972,1154.9277082171814,1136.2406617864033,1122.7674938074958,1160.5982438795104,1167.445389840111,1192.0459321775436,1448.854798496945,1367.5071960099822,1406.6817260637147,1312.6115290893736,1286.250539109215,1191.2740266397539,1111.9196454247272
Simulation,303,1107.9942618878295,1088.3096212633745,1087.4136676652906,1089.5883010792438,1100.0580209707339,1191.2573398684754,1252.483950295313,1220.797810982834,1206.1112027265085,1245.4371200582736,1200.1257510133366,1212.3437619418116,1182.7792512385429,1163.8542548079797,1154.6488918101415,1159.2834797799785,1195.8069733066745,1332.9016690419276,1429.0226767933998,1406.1826023874191,1343.296347997072,1302.3524052968157,1191.3053496508244,1122.990819206025
Simulation,304,1123.685335374193,1084.8223073656588,1105.5288427988792,1096.9213146440013,1117.9949841092025,1167.0511386732176,1261.899139858658,1248.3100559060858,1229.6561510637346,1212.5094571237862,1179.3790888448034,1180.0408257352285,1171.1126297691205,1162.0256635691512,1166.32349742765,1170.8075598939918,1220.834317142357,1425.9427123387045,1456.8304002395248,1446.9242858238201,1391.4183314418106,1289.3602833356515,1200.902880410141,1134.4767418758415
Simulation,305,1079.6652127900645,1076.2081831399146,1080.3543335061888,1087.0682382366845,1126.4264146550302,1190.0784850539956,1244.856740715235,1198.0350812257666,1159.0820294678776,1191.4757476607015,1183.126766119085,1180.0167282762072,1171.410098,1155.4931167097611,1161.2360921153904,1151.384285613986,1148.1384883576684,1391.2030024116273,1463.2513489530797,1343.7031107682299,1321.7011152669306,1234.7772789105995,1161.4478288025325,1087.9516097751373
Simulation,306,1102.1533638029998,1096.7390693429625,1043.0504003131841,1083.934378504292,1075.859175045011,1104.7219715823867,1228.053407923485,1223.3109288327626,1201.5223053494537,1229.8994576518378,1141.1228274554383,1129.5218883475131,1167.644517012543,1152.7770188368986,1152.6678693670722,1152.7437060689551,1192.0796903559235,1437.1257807966113,1455.954302035262,1429.2713472020891,1373.6134116190196,1297.7620385411176,1226.1130508512429,1146.642768265699
Simulation,307,1110.1171695148728,1083.7227632635095,1085.2945974379213,1083.5549144792385,1099.8332513673117,1167.0202526068224,1252.7327154123943,1205.8195289342405,1169.9649925207116,1202.5503062006644,1144.120023759879,1161.1175204755893,1150.6148386407215,1151.6942490709264,1119.2535393693504,1162.9530481279246,1142.6932332264223,1390.056427723051,1443.889703456236,1413.3131786673225,1348.9664860092541,1290.2646048612494,1195.7426336494784,1150.1696367210823
Simulation,308,1122.5597697403975,1111.3023318663222,1090.0262049980904,1084.386378753825,1114.8083778637283,1166.4900736533,1228.016785509837,1196.6720294683657,1152.143328186496,1196.6822408311857,1124.1373238433162,1117.6713278892012,1119.4010589949594,1099.4051964758598,1107.657787613628,1107.1176180203395,1197.371169715873,1460.810186479727,1473.7268876470066,1443.3886543639405,1389.5762083131253,1338.809751404089,1231.2216965644857,1163.9220758515942
Simulation,309,1103.0951166014572,1048.582136974696,1045.7660092186331,1033.9537541641994,1082.4610513039072,1136.1916027964762,1218.399539308148,1188.9897523880486,1193.5430795607685,1205.281871715878,1153.4824873772175,1148.1110331819189,1188.5327145460672,1171.2921089315084,1181.286510261417,1097.173537926135,1194.2666779699657,1383.2616520706113,1354.3264088757753,1421.111633598047,1351.2079464112135,1248.5149950787008,1197.8715072969835,1137.329749183953
Simulation,310,1124.1068811226041,1125.5366379831594,1097.5622771362232,1082.448739068653,1097.3222899999998,1156.8583579493543,1182.0631790780085,1192.0244795701708,1112.3625355724134,1157.409530257368,1153.6985013935694,1121.9112018433361,1156.769494641117,1160.135560603578,1147.3983032461085,1165.4176066504483,1215.91614211358,1437.603624575599,1380.4741195352403,1462.774048826068,1353.6275230001115,1284.9348663949627,1183.2948256910672,1148.531812377652
Simulation,311,1088.1292464544952,1083.0628882252286,1073.4019548944493,1075.3357133097668,1098.052073662929,1179.834761404913,1211.35618297843,1217.5596673687362,1196.5543571435599,1194.0313514759396,1179.8640719548544,1179.0508947563726,1178.5727308855096,1178.1386745298955,1165.9274542765613,1173.458240164226,1196.195771438594,1381.1781141408435,1371.3370436531573,1418.3974255316277,1341.6733651143477,1295.2611410000002,1209.0806875420203,1121.045129380663
Simulation,312,1078.5338400060712,1057.543545013538,1073.0914711380913,1083.4349501218962,1110.6236644726107,1175.6748088298903,1225.6762571451954,1224.5593486838106,1177.609912614478,1194.386955288006,1147.8989154053672,1157.5162146784849,1156.6542767769931,1149.8977974306626,1095.4161554987868,1106.0670761604285,1143.7013856828278,1396.080910416066,1421.1236436356746,1419.8579883119735,1301.051228793773,1275.0567288944717,1186.9099036557725,1126.4122315834225
Simulation,313,1119.9497576312597,1102.7537904719072,1085.8939536196926,1076.6950931593888,1059.4194900401505,1097.0695111403163,1230.321137170872,1222.560046189906,1233.2387411668758,1209.596501626489,1218.86531716156,1179.6997800110883,1180.0283127410733,1167.0272928621198,1172.9091332408318,1177.3559295792568,1192.9980382072147,1348.219907711322,1382.2570345444503,1434.037756929534,1353.1248166775779,1286.8230427169137,1194.7388426276775,1135.885131073394
Simulation,314,1104.0203944825607,1122.5965521998748,1093.3367950118945,1098.6737022513703,1112.8247035482466,1176.2562302993522,1241.7622603719515,1218.1857749725477,1214.471115572858,1233.441960256034,1186.1790461528035,1186.6218883578777,1204.9014220947029,1171.2198510588887,1179.5862999385909,1157.8503649061472,1175.5727960760069,1386.1268416357846,1452.8919684620507,1414.5321705264996,1351.0868531968397,1293.1681153263173,1205.5719248257233,1146.9316841685284
Simulation,315,1100.6684311166562,1135.2297538150085,1079.2609435,1073.9430326831236,1071.1204849579804,1140.9646144223968,1235.124776320499,1252.2343643347394,1231.3358966187238,1224.7333026130948,1202.2654432200604,1207.7115551125705,1190.4137590184648,1169.880120365851,1156.8795780900095,1160.8940533753657,1193.01038113337,1351.1689176811885,1441.1181726207883,1416.8996274060532,1405.3151906841533,1284.0431828383596,1224.7110639701143,1148.4094634396965
Simulation,316,1105.0347941208736,1084.0978358480563,1086.166882827711,1120.385331564218,1118.5211970183336,1171.5355652545813,1238.8203221210226,1205.6515868847196,1207.790396,1200.3767230472681,1197.6205102524711,1179.6724273346783,1189.8521080597604,1171.655434864687,1183.1054298752426,1179.2305297855569,1196.3206920668504,1355.7414792534578,1410.2667337595976,1408.133874191589,1406.0381369820839,1293.869905580338,1192.551288118135,1141.7839364670644
Simulation,317,1107.048369000263,1105.6399129757956,1096.644356228959,1114.4469513410647,1140.5853939714864,1205.69765511559,1256.6942511573677,1203.372480494262,1167.016431333682,1172.7524024632478,1149.7076101724583,1151.9009484502328,1156.121810126834,1133.049986428124,1134.1801421804541,1200.0828505433208,1200.2376004438875,1459.1137682107887,1422.7239072943628,1426.7657443337318,1397.741231100932,1321.9800985326697,1208.7167829001337,1154.5729744077591
Simulation,318,1104.8096752873469,1076.6160528572552,1085.172279794627,1038.7016457185273,1088.4517147124138,1154.4606333053257,1237.0957794971082,1200.5637097712017,1204.8551545135824,1201.287844451219,1174.7581645309147,1114.2018491883719,1135.0432364807934,1129.1566956259871,1095.9150114948454,1158.5586978680096,1193.2325073756067,1448.2805213550141,1475.1935521862529,1407.07506380115,1371.2414847832242,1303.673462485422,1202.453574583734,1130.39201820511
Simulation,319,1101.2291546058705,1062.6258674312787,1076.4192632342606,1087.036638159737,1107.2482480446577,1148.9160709544233,1203.0342975186043,1202.339662845643,1174.4950214769156,1148.7588682973173,1120.7429127697792,1144.2961320000443,1162.9816007644058,1142.7947619233985,1096.923403469314,1153.2452571402412,1188.1992530053412,1463.278201786477,1372.0515891666694,1415.7410253875628,1336.4759152461636,1336.7836658001331,1240.8417612745031,1125.357517288746
Simulation,320,1092.1076069729602,1107.4223514027635,1084.6559420101305,1083.7947252026056,1107.8402055306578,1181.5687760124067,1275.1462287581107,1273.4401027805584,1208.4144483602224,1239.729929981314,1232.8307500911042,1210.8638060231062,1214.1545929156107,1208.1164262033792,1174.2545551441967,1162.2439056818423,1149.9389375801836,1340.2477816737996,1362.5269836711257,1440.6852843381146,1329.2643604751383,1224.243762854933,1202.033779,1145.1022705820606
Simulation,321,1099.9011364587313,1083.7385046579027,1098.9269392561441,1079.7667881659866,1065.5925155134414,1147.892673034507,1240.585234226876,1254.733801528164,1232.778925687443,1262.0035767325548,1211.5778542300636,1233.898578497558,1247.312534087609,1206.3297412288855,1199.995739952729,1165.3110016648395,1192.7023723250152,1343.4950652862472,1477.4891666538033,1469.937142819761,1382.5217910807482,1293.8828695198529,1211.41562,1147.8602295461203
Simulation,322,1083.4206375383571,1056.6406185685591,1046.844072071344,1077.3810776838855,1127.1363131929713,1163.7835785507,1264.3747569934712,1239.7408780619585,1227.0537981417017,1255.2779541925138,1232.1877676989334,1219.5654097468084,1195.7423406230153,1167.6693078658466,1160.5424534478138,1131.158359167989,1146.3547374306838,1334.8626176975592,1343.0115203830333,1328.0583727374005,1294.6456518034374,1237.1285778879128,1159.0834555153108,1146.448276809443
Simulation,323,1094.7482607264678,1073.5588964016654,1055.9933038041254,1068.0712210144025,1100.1239411452784,1194.0351203407313,1258.0261315792222,1211.5449178736712,1209.4096382038003,1175.5765364913439,1176.5127687732268,1171.280101238973,1179.8940078837911,1162.9696307336828,1170.767025267457,1154.2192354161477,1199.6488130960133,1418.7501670966174,1384.0420136780333,1421.056380350846,1389.5872298116512,1271.277557433645,1213.568969341335,1127.8403122733828
Simulation,324,1121.2815659439718,1127.4794898978316,1106.73381485289,1064.8184796034461,1100.6247389681512,1151.5921820025335,1170.3960266231136,1217.9030361946245,1183.729647381712,1169.0624622021087,1168.9997457738762,1115.141258807731,1127.6881755083703,1151.9112119201577,1161.3470132064704,1195.6642531929444,1229.8456968559924,1416.3308751664297,1493.3919675624309,1422.778782838146,1372.1989063936091,1291.0605151569937,1212.9188272133858,1143.880292039831
Simulation,325,1102.2783783728082,1083.960078352413,1075.3193358811625,1072.3318601945193,1097.6460353685716,1108.2819927488356,1215.150739755836,1187.7063262765798,1148.263273409595,1197.4881644091074,1172.949351006246,1171.2334289203116,1174.358006,1110.1543912305574,1147.6191327664462,1149.6646942949396,1192.973948687678,1446.0259033621105,1433.507297214534,1388.2136880197288,1405.633316310311,1361.157850928232,1251.1057392283117,1140.6791289352363
Simulation,326,1109.0877899863533,1094.4319675856202,1122.8882008855182,1079.9237909440058,1093.509097201963,1174.0072066247733,1218.3661966720822,1214.4991357999324,1187.1290544848246,1185.4878246655715,1168.4913616920112,1149.8842492398135,1141.030135814307,1133.8011657736208,1149.5877266327686,1199.7650096213124,1235.675976471672,1448.033957248554,1443.8231937125133,1409.8508834394538,1424.8678568498703,1307.5018541148672,1276.2675224993852,1171.044933470624
Simulation,327,1110.6896622012152,1098.5891598498347,1089.7420159578164,1032.18221015219,1087.5509494682753,1152.1391649211462,1236.1955066861226,1216.1823524867773,1225.039436917005,1201.9453655808788,1141.4256455677403,1124.047773708138,1164.4483896544841,1157.0712329685177,1199.7339971918852,1185.0392467861643,1235.2438764362362,1423.648024173981,1452.845351235998,1406.9840914277138,1422.7576717098755,1308.0269733211544,1233.328850370978,1160.8948662843063
Simulation,328,1116.9851913478851,1078.500421882748,1100.6308343735927,1144.251588487094,1129.278258,1182.5543843912744,1218.464178394104,1213.2780878325555,1194.470961945156,1195.3895744478061,1205.202106571323,1161.549581536655,1162.2158861663167,1149.8992432982163,1141.3979165923593,1153.5347596417712,1130.7465677177772,1433.8216500133785,1436.223032482518,1438.396511587679,1321.3530463695865,1287.671571932895,1181.2233377911402,1128.9370086399665
Simulation,329,1137.2700745622697,1109.6614973892015,1115.9218447709627,1101.794272405115,1104.6875393737218,1159.8654357233765,1250.6874660687017,1253.4064777518347,1212.5132618840935,1236.3946836343785,1218.4707989144392,1190.8968770188656,1175.9624119928894,1178.8994075270007,1187.4299135414385,1176.1258155437813,1179.052929200912,1388.3456253826337,1474.6833318926983,1380.2292046015348,1385.740147531481,1294.4002614294104,1190.8558872186877,1162.881039063073
Simulation,330,1108.9970030740994,1082.38268917813,1090.751650245477,1075.2627871120055,1089.4159198739862,1155.408003522365,1207.3351478687887,1208.793867542361,1186.812434947736,1195.6919839574373,1157.6770479429672,1148.820077027421,1160.9605489656753,1132.4807447133119,1160.8093707539222,1148.5859982858537,1176.1731772849594,1333.0224327769572,1458.5840750680463,1403.7881092372027,1298.8538609398925,1253.0396233755368,1209.1418844578159,1159.4553369045748
Simulation,331,1092.9016167852094,1052.8175688739473,1075.4727886897017,1073.4097442392776,1101.894820672773,1161.5780449882702,1228.9479893024443,1223.6011673198036,1196.213093070946,1217.0441566760092,1169.650833758,1176.783222408792,1188.2376048737133,1166.8275194501157,1142.6125269451218,1167.2235520557097,1221.4219869940464,1476.0097513522608,1457.7936205261901,1409.5881214966257,1363.267541188929,1332.9060701398487,1213.1978874711258,1145.1712017712944
Simulation,332,1096.703122619314,1072.8082622503186,1048.918105896383,1070.1652987184164,1121.89344118098,1162.9534233816764,1227.7271041404065,1269.8946195213825,1238.0059976600246,1243.6420508527672,1189.8791380631765,1199.2309378934222,1166.629327863522,1161.2956248493053,1147.8038566310595,1098.2818095414946,1124.6540561698623,1370.4816854935589,1421.4311760569394,1307.4324016077705,1307.1969374343078,1273.2107453505666,1193.0649791718688,1117.8480219828673
Simulation,333,1092.6579165414455,1079.6678821603157,1054.7600347999148,1079.0254222761287,1106.006248353534,1206.9660202595746,1267.2397400798832,1239.1201870520188,1206.4453062042235,1202.881624656423,1173.244539770437,1173.7401816421147,1169.3529531728418,1168.1374678544719,1153.6764452218288,1175.420584634825,1214.1821904573364,1432.9826918002718,1420.5681348760354,1403.4309151843697,1385.1687555358328,1315.7209417675765,1191.306256292813,1131.5919312493097
Simulation,334,1148.174716808954,1092.897364898181,1083.6585685143832,1079.9268538954084,1089.8429282242785,1135.3397705268671,1201.8611388805386,1201.4655983465589,1163.9860567815442,1150.514569232842,1172.1209708771294,1170.5983224915144,1172.275660400916,1163.5825955251132,1151.143904685106,1157.4579399972667,1203.5878139845368,1424.545189353953,1388.609995145106,1469.6297502047432,1402.8327424289546,1317.9837138038488,1243.1725435574906,1156.5061984962672
Simulation,335,1145.367418584737,1110.3995512670433,1113.7968380382574,1093.697541883449,1124.375449400668,1154.7987345429176,1203.5002660503108,1135.933238154138,1133.7657083574882,1181.5092249584004,1141.520196031202,1139.5908487983788,1158.4610424485033,1160.2205975293564,1132.4779743617578,1151.4449335279858,1202.347429266056,1476.949483776245,1502.0751421784894,1406.109331237604,1397.617878651187,1323.2461011016358,1245.3809328919442,1160.4775282467895
Simulation,336,1072.0925415120473,1068.907577923264,1062.4771998677872,1064.1016018374412,1078.7667571219654,1148.123611803104,1253.6141362243231,1251.6048927758898,1203.310121772895,1213.1571067204773,1203.1561595038127,1201.2586651382962,1208.21949911037,1194.0854979800981,1160.9083863014826,1150.9298367102976,1197.7276830201454,1384.2405655474552,1455.6094239056474,1408.8005005379193,1335.9302852366818,1275.818941188562,1195.32751,1120.9268477603182
Simulation,337,1103.7214921188474,1100.2827573920401,1095.8595573416128,1082.3129902184319,1099.834689879249,1165.5790460816968,1230.5782395983986,1201.9182525354747,1220.22314787433,1187.3688988123336,1161.2805114327152,1156.8106318580474,1168.2546122419403,1150.6952686189127,1153.2078878406733,1177.9703249542397,1211.539960636243,1436.9753124760427,1475.3896426570645,1396.1628388623774,1361.9910897168738,1289.0146857503582,1216.3547784083955,1146.69790256436
Simulation,338,1122.2626083175624,1089.5556813406502,1112.088962823392,1110.9911582597297,1132.7703789410418,1170.8815201755165,1214.981318165973,1228.6766532453305,1186.0493498455648,1211.9000166863564,1180.6510082285029,1164.1119140389044,1160.265549539624,1124.1218303447592,1135.1441693035267,1148.4331057095112,1184.6933364441136,1417.7218864303247,1404.785481843288,1436.6286804507329,1372.3766387858493,1328.7688041581407,1211.9784899571364,1154.4306815305556
Simulation,339,1089.9383094287084,1089.0785823519095,1050.8494676612142,1061.0838168180412,1099.0799811201853,1197.9519687350587,1266.4290348586107,1230.6827542224312,1212.8311061461577,1223.6621041787173,1195.3294881645631,1193.894343520272,1232.9044666597435,1186.895673,1156.3664435783944,1186.3840505058236,1196.0374279299376,1408.416198546373,1432.021283188912,1347.2205416375964,1365.1546802857422,1292.312727260266,1169.2691311144497,1098.3088883619835
Simulation,340,1101.0758860808817,1093.5632729973229,1079.8731523279273,1082.229802181833,1099.2265747443091,1148.3731247163312,1231.8490352720428,1188.2012325071262,1205.5434558011368,1202.2098754317512,1217.1296013490953,1184.8600494792909,1185.3200284132122,1178.240679329972,1189.0622899843775,1172.05398856129,1209.3629032706863,1425.5217923235543,1405.1944634476645,1412.2877355500589,1329.66617914895,1305.592063155344,1236.76303200835,1144.5844554480327
Simulation,341,1061.5528548611626,1068.1561901671084,1076.814351569838,1078.3271989912948,1108.7943962140243,1161.3665968970768,1246.7399994787302,1210.8788020572258,1212.8084589386694,1213.7695476256297,1201.1776915150033,1200.3423115727005,1192.9862109962453,1174.706196051385,1161.1396835176956,1113.5975055417603,1183.494669339836,1371.6746527293938,1410.411350523255,1344.4198323220767,1324.5984596224241,1297.0148941254865,1220.3141352884145,1132.4401901010147
Simulation,342,1093.4022531029057,1083.588097418288,1068.5509251669514,1068.1774756426366,1102.8159301721698,1152.3001165594999,1247.772615985413,1179.7565884247024,1179.2698145224365,1189.5163312743591,1181.3846285081536,1187.4736871270936,1172.831264857536,1164.038693884946,1175.6045506908495,1154.6232085403785,1175.061577726835,1365.9526942446223,1443.3235832502878,1344.3584818657257,1320.3272294040378,1225.7965582251081,1130.664783372882,1105.056446702567
Simulation,343,1116.808336135548,1085.8305444941586,1107.489480934811,1081.298435863752,1092.5696176758302,1147.3177133618406,1271.9090879397354,1228.4243989942404,1194.4638332312286,1211.295548475948,1162.4770311032169,1126.7652940225223,1155.6397392212975,1140.4515220036196,1152.0307144701026,1163.8364320446512,1247.2574532786787,1464.9697165423593,1423.4485957873922,1451.478813504881,1422.9455465753015,1354.2715739106861,1226.6488996200892,1146.328560104997
Simulation,344,1096.1509342628672,1081.1465145263396,1048.4557900498758,1062.8506386680237,1073.1303219456884,1128.1913742547047,1183.1771409215498,1224.0525642325556,1205.0836025490767,1215.1418622914343,1171.906914,1150.3994833921245,1181.1607946611039,1162.7155297538045,1177.3404325964418,1182.3647374526481,1191.2498746282483,1381.0318215612936,1411.910972899822,1427.903510762954,1381.1514313920504,1306.9827324374544,1254.2500398201378,1130.15185175458
Simulation,345,1080.863560421993,1075.0299748676832,1056.3224033848421,1067.7567201687839,1107.4941917216627,1140.906474347605,1241.2019558368072,1220.7914826375725,1166.9293585476203,1207.4483656584032,1182.8415148254562,1169.328108378282,1180.8618948402805,1158.4921125015114,1185.790035337792,1182.7527498932236,1201.237199577284,1394.0806833730696,1423.5570518766679,1423.2736926862092,1336.6430419372011,1228.7523973715415,1188.9958428766704,1140.88200664904
Simulation,346,1097.4258407374498,1081.4862086718408,1039.6205486724502,1064.546706759505,1080.0102054662939,1136.2042238583283,1222.501940720183,1218.1990102690377,1208.288728000498,1219.1962057564733,1177.9977857567856,1175.0473005280196,1187.2703790381966,1174.4129140422845,1204.4626813728,1195.400599,1198.8480338778097,1405.4034777170411,1437.7933114997595,1343.783342203433,1346.9852891368937,1272.8624675831375,1208.7810600385917,1145.3072473197299
Simulation,347,1058.5230622903618,1042.6937492149061,1033.8074504632493,1027.6171533936822,1091.8398608308084,1143.9766189370296,1128.6179974189154,1178.2741109840981,1213.5002518479157,1201.1369802753109,1181.281916692864,1144.6842190532768,1171.5256396314007,1122.132076103261,1129.1118760107336,1152.3900727951307,1198.3347253151676,1453.1161420931098,1490.8341777893265,1351.6360999161766,1395.3399206402896,1351.8358271182194,1238.5685474304378,1119.4788349562646
Simulation,348,1102.1516332905712,1112.5026719336095,1108.8859739566244,1083.429006,1077.4973659875677,1114.9624937329256,1212.8127898345876,1216.7688222737427,1233.433770721257,1242.9428763007043,1215.8125215191426,1227.1228150889456,1199.8513199229556,1209.4383506975544,1209.6982179629779,1163.0135240299967,1168.3799455813253,1383.0999345950684,1472.5667681571408,1372.5805386905804,1403.029931595216,1299.0790420870835,1251.2349910877863,1150.8094974383325
Simulation,349,1112.3913781030947,1084.8632810678866,1077.5399073813644,1072.5359293532154,1084.068864079008,1174.1273230597117,1251.074767704876,1212.7629728705663,1189.7817191358838,1193.5354684772974,1163.1010182337782,1164.8789026644497,1167.3155234163728,1152.6434377203482,1135.2296225690266,1102.0131756599244,1185.3138910649,1408.2602238854085,1461.1312262828856,1409.846363333717,1331.8742835104267,1291.9900533365726,1237.6062685878785,1162.47837729549
Simulation,350,1094.7428147997002,1081.7036488622014,1043.6103981395595,1073.0452036960062,1124.046443460647,1183.0698675065416,1242.5529446259181,1244.9731979499074,1193.5280396322034,1197.5397505204055,1155.7570332925718,1138.2964906593966,1150.8006152329176,1154.039037859337,1154.1093368647907,1140.3806693150138,1169.6715532897322,1396.8992027072254,1426.9168284658763,1328.5462057949296,1386.8648755238453,1286.603834227177,1207.2987981631984,1133.1594685838602
Simulation,351,1119.3444318430481,1091.4051288133644,1069.5715967387714,1112.2023970637492,1115.6472036824853,1183.961230470129,1290.1123401897619,1271.2212853783878,1211.7861374061897,1222.099025689157,1186.462605872894,1182.5996795789397,1181.780948239487,1167.9146781724507,1189.643615697493,1161.177827563099,1207.3956358637429,1429.9421093475337,1400.2737344913198,1370.6708232977767,1343.3306683683718,1282.4122709780206,1207.35591869575,1143.0255671318857
Simulation,352,1102.892669282402,1092.4623481379697,1108.280782340241,1094.0399733269714,1145.5048497950859,1201.3681552595342,1222.9779602700303,1217.9135903661488,1202.6075583804754,1215.9544976195627,1181.3360239115962,1180.9150161017362,1213.9387388750438,1186.5610554663615,1160.0363870465355,1161.8080075,1188.544547642804,1406.6263506691162,1469.8023454991908,1330.415307510344,1388.9313883157963,1292.5803827042691,1209.7212803621128,1137.5343520298673
Simulation,353,1120.64519502517,1081.926842694855,1118.0344816768875,1066.5418481612544,1095.1667166838079,1151.2455962854879,1191.3369826926182,1154.259728155034,1186.6315707105473,1193.2370577923218,1173.6325914262013,1154.380538381892,1172.6016381,1129.303051845522,1142.244931846638,1130.8396439490762,1197.6177083346392,1376.7568581261044,1443.5541318325459,1404.54248459547,1374.724447820289,1308.2431201591496,1230.6986652427986,1158.2113476928853
Simulation,354,1076.9308386130908,1081.0566713685346,1071.1893100517434,1076.736785341082,1123.7530162723408,1161.0311024231464,1212.262610306007,1218.3746990533164,1207.9280975153438,1225.0232842482487,1205.314435704743,1183.7737981392067,1204.1456700130966,1188.0268990146517,1157.4955916991653,1162.7309199471097,1147.7374226438794,1345.381601655825,1438.9843741835043,1352.2892908689403,1344.4976781570274,1261.4576358284517,1187.0827947153402,1088.6911076190092
Simulation,355,1075.7146661515512,1071.7812924768907,1038.1739606777874,1050.489820496162,1050.315230646678,1101.7682790808876,1174.1988690448359,1219.0992850614996,1198.4169137661902,1216.3798442013615,1177.9386974710924,1197.5214994928615,1170.1743533204667,1163.2564593607985,1161.7745921288697,1179.2305910383166,1196.3155775941764,1422.43141968552,1412.4601566575325,1412.046096200619,1388.1343160535441,1299.7347831916827,1211.466773565876,1152.9123558058232
Simulation,356,1108.148912475395,1086.2089109772535,1086.0318236806002,1051.9150522501923,1080.982910293774,1141.5225305109113,1186.3976719429095,1196.1995684783358,1195.271470917672,1208.1917273484814,1151.3363716666336,1135.1922749282244,1112.3830572096192,1081.8268264814449,1153.066289528782,1120.4635160550501,1176.808233947245,1430.8041218316212,1475.7161506085968,1418.9313110544113,1404.5091130579538,1303.2873667428596,1217.3156380008918,1171.0195813645792
Simulation,357,1099.3822668439789,1119.6342581951028,1099.8553918227733,1078.3126942886806,1128.3479337207577,1159.1194877148246,1207.2841889726137,1190.0660748213554,1190.203383,1195.3057993114799,1172.6062716762015,1169.434965122617,1172.805667661977,1162.9720334049307,1159.1090919927349,1146.0463469969934,1193.0144590049024,1375.8273450561373,1470.766181582094,1326.181714046184,1362.8435322520925,1295.601430399681,1197.6037851043507,1138.6649909147432
Simulation,358,1116.905374527498,1112.1933729731165,1077.8062907813592,1054.8022861470647,1091.0671478783333,1159.3967901092276,1207.0658650495766,1177.1325981874493,1140.1695453427571,1133.652096012184,1124.9832377282264,1139.2843167127164,1098.9769892534325,1087.3591035198513,1087.4592294364845,1155.2153983127428,1205.3317793543981,1443.294310423923,1472.5763586530304,1431.8453544896572,1415.2988284635765,1354.1442504500837,1275.2549711883842,1180.1260339860046
Simulation,359,1129.0685233931304,1106.7255384523164,1080.0710658898454,1080.5142867882917,1101.6466031945733,1146.161133304199,1207.0939814984856,1210.9095950397302,1210.4324610009573,1224.9332419157122,1202.5148412667177,1226.1870683306113,1186.8969776462375,1158.1390472509615,1154.0330600807397,1169.0230407707897,1184.3273659467754,1338.6311698468282,1466.2360105947055,1407.3139778770915,1352.607394250214,1253.8070963152093,1184.0816635305243,1157.6183624563691
Simulation,360,1150.1128277557873,1086.8360886702383,1088.1878857677848,1081.0136105658432,1097.316747989356,1148.1358408907467,1233.688208736169,1216.7876184118886,1236.9439322383814,1210.0561148715035,1187.0841318259647,1193.8341575802378,1207.353182568551,1163.2545471817364,1167.0039050032651,1150.010604874536,1189.6145545245383,1396.4147062868258,1408.0580400038045,1428.5950581970405,1388.9354817129558,1298.3725443512083,1193.6029205838402,1145.4628790820602
Simulation,361,1103.3598251803512,1067.474527,1082.6128531133916,1054.3061989809073,1095.8589069287277,1139.5835392477222,1239.3365809493685,1216.3211025986145,1214.6676890459778,1192.823853573411,1182.4668254347425,1181.4791455155282,1158.1861588210936,1145.417723087643,1155.1194357517631,1169.0667749249928,1191.4139309920938,1388.1384082468398,1379.6895598618933,1441.2135650844368,1337.605743905858,1289.379392902533,1216.6303179110319,1115.6098969617087
Simulation,362,1103.1673754185208,1076.1084242951215,1077.1717572166397,1077.7893196713285,1113.194359418591,1192.2768392348662,1245.1160515706104,1154.6921727704662,1134.917312954818,1131.9760491550805,1099.047855731748,1099.9046000782023,1050.2193542553728,1096.3045706031858,1091.584123217242,1099.6183974154753,1220.352991042409,1456.4256471570864,1475.636849888069,1343.686906704469,1431.2918819876238,1312.5090125937825,1198.3188838117255,1127.6165441706464
Simulation,363,1076.6174418272344,1055.0573119,1058.942295515192,1072.7340346373396,1090.8412083934059,1059.008560141305,1205.728208895057,1243.8551515337617,1210.5531914148953,1224.9187303653928,1196.4866400470999,1186.3316485814034,1172.5470574213405,1144.2048981658015,1135.1887005480817,1130.2073031544394,1138.3513792266415,1399.7208018222498,1369.3877914950351,1430.8837506449768,1320.7150196509212,1311.6631456385817,1199.049425595683,1130.8656421463138
Simulation,364,1056.4638747382598,1038.8355180955032,1049.1311617698543,1061.6999915856409,1088.0397233975555,1140.9070594717807,1277.6296857472664,1235.269734566969,1204.7177280034587,1210.0646734713741,1179.7514119752811,1158.2710400910507,1175.7956681092082,1155.4957614641294,1181.53339187695,1150.850523392238,1163.1462173231232,1425.8479192666066,1443.5502592273815,1357.432722328591,1405.6046537777315,1284.203000748562,1189.0584076158136,1092.577090084066
Simulation,365,1046.622283944226,1018.251278697707,1071.6847515944778,1038.5455934265838,1084.1132287460466,1141.7232620976563,1238.77613681018,1236.2216493971712,1223.1152672758521,1235.6227659482659,1213.7267366736435,1198.7154932689966,1180.9328145072614,1176.5054680611502,1173.9280584941941,1176.823261827541,1174.455182574804,1336.771597173585,1373.5938323871753,1388.7116240424084,1363.1167828489597,1242.956629956815,1202.5341454774605,1128.0963518945482
Simulation,366,1112.3661006095438,1083.7786477516784,1122.8951016814615,1126.725867877974,1108.6478945398076,1154.926092290218,1184.5814742685102,1225.2102535652127,1201.2076566774874,1192.1362039487765,1181.4627820107999,1180.0847547155868,1190.3769026870361,1165.2285078243813,1158.3216948047175,1156.233573776861,1145.552376345896,1415.9670912487745,1454.802735761097,1418.4046311114537,1378.871098249194,1297.1677040823486,1223.0833029260411,1154.4697757583904
Simulation,367,1086.78061838874,1062.32387160001,1033.7369952333743,1076.9442143841704,1074.292706864183,1156.153102623953,1218.1861417335701,1221.1712555259314,1224.4337510492692,1203.80913315409,1186.320487598952,1202.9126786088348,1177.3222247544238,1178.2047183407124,1159.1120738943664,1149.6221079177797,1156.1539305013316,1345.1296109363495,1389.343853590257,1395.5713871057685,1336.3679026369207,1291.47965827936,1208.7165033895642,1092.995070822087
Simulation,368,1144.2450548463994,1131.1368154376385,1108.912650768299,1100.2525533701325,1110.1048940445235,1171.1557332616858,1229.7196594910754,1223.0786923719459,1188.1169892809694,1185.051799088375,1160.9500809740623,1181.9597687168318,1156.201718673195,1129.4068610255722,1141.5605156875686,1119.9471419259403,1143.6620410105488,1377.7298039287361,1413.810735870376,1364.4769168814166,1358.2133328906561,1292.1608555133694,1199.7821210263387,1168.7690442348865
Simulation,369,1112.004441160076,1060.860765782734,1066.1829457346394,1027.092338229148,1092.821613105658,1108.8526271472927,1217.8340723994074,1212.3144342579606,1228.2344167793767,1210.3776501991913,1162.2130281446282,1189.9055487720877,1168.2123766701443,1155.9551118065333,1185.280302581476,1177.367368799581,1188.390637911268,1436.207274990663,1452.8962605099023,1365.339602580056,1388.8472136069008,1310.3687707054708,1252.0451337827144,1140.682143061703
Simulation,370,1041.946703522376,1052.787807765943,1085.7168672046173,1087.9752878615004,1150.0972406413212,1189.9058296656526,1240.3959940860088,1245.1887017773213,1210.6803737599785,1219.3811184374788,1168.0429622247452,1174.1404966336272,1182.3801356117467,1146.8499451788614,1140.6633910884018,1152.6129375982737,1195.155520091289,1386.111394598518,1411.6333525762436,1417.2415069852773,1412.9502354050219,1304.6231432638424,1206.7880626854985,1086.5213116418918
Simulation,371,1127.1463779105202,1128.336869895495,1087.4894892966245,1078.1453230849718,1103.1219821270486,1168.6050225804322,1228.8814385662072,1221.5684675638122,1202.93215278565,1215.3986372730676,1200.6944198292395,1182.1626638639466,1189.023285597235,1177.5997087380815,1161.6053615959431,1184.8959727559363,1231.933488186043,1396.422940282741,1453.169637065314,1420.9329230610097,1402.753095721304,1325.6714909860004,1239.7990034425127,1144.5302745991398
Simulation,372,1088.2310480507465,1080.731581376112,1082.0475930308614,1062.3373129605789,1102.9542688158106,1151.0002527765946,1237.495778916537,1179.5356213034402,1194.1606899246071,1197.081159094694,1167.383009017188,1169.4376751325483,1157.6527968511746,1163.2948964495458,1123.8898300625356,1130.805769882781,1175.7311368534072,1449.3190371480555,1425.597978448188,1390.671602528641,1339.9142000479928,1278.8312445608876,1177.855026,1142.1818795205484
Simulation,373,1087.2936577328346,1103.8299074166957,1074.690279331416,1045.3399663661028,1055.4874686099547,1131.6106414334263,1251.170109396174,1240.838072950018,1204.2097443430948,1219.5071725681837,1181.3387846577089,1171.041222475933,1174.412470807571,1166.1396465602961,1162.0369049689887,1161.1997465446693,1246.5393410333925,1404.90429505854,1349.9174073764937,1382.0680247650243,1388.4275776253178,1307.9751225882283,1229.3188075765474,1135.7689569724917
Simulation,374,1098.9953682006517,1083.4600619138014,1084.0516859904185,1072.2136795929491,1101.5810331890402,1159.7202593348811,1243.2251956878417,1210.6337428340507,1202.051275272996,1205.1486260762342,1176.4850165815867,1158.5941159820366,1166.566848915593,1152.7384372887236,1113.464207160851,1127.8215274097597,1233.0696089158973,1452.734216161677,1436.4166903781556,1417.6923355048039,1369.4511073159824,1275.432401813768,1190.849749386762,1138.4804455
Simulation,375,1127.2060851663034,1114.558061084765,1067.054676,1083.724096623526,1080.8328354296405,1157.6180832021507,1209.5539980199742,1212.8428961085262,1193.933325434118,1223.5156120044005,1181.357208386249,1195.3515068224838,1171.8262026423267,1156.2578439720905,1137.7851459259127,1131.690242759898,1113.2664368940077,1425.3501294130429,1417.2685309538354,1422.393179313744,1272.6317717249665,1241.267619505743,1194.7657131626343,1152.9361323832384
Simulation,376,1095.1016567173035,1077.5655624463643,1081.1605726663824,1058.1391538805244,1067.606812575865,1136.9252620613208,1201.443753891955,1243.2012478496833,1217.9811188731894,1209.6218478858818,1176.6035769511866,1169.1891490913133,1174.3741617407393,1160.2839496229185,1162.4853106773364,1199.0223547746384,1206.382215059307,1369.030671573057,1425.0102013186834,1430.043482871018,1398.3097095017752,1315.724083901218,1226.3972673467736,1136.507683119455
Simulation,377,1100.3951765095424,1032.8454828350068,1052.314206313126,1024.7834881661286,1075.8794336501364,1145.5363722086674,1220.716224659122,1213.0380348848203,1212.8112605761735,1190.3001564171882,1153.9829163159152,1160.4597533798146,1152.1724918929194,1164.7297219273305,1146.4502904189276,1144.4857474903135,1191.5256568006407,1448.2124943261388,1406.7452726083625,1359.7135957549008,1384.0151721272996,1323.2960095957596,1212.9514435109843,1115.7229931347777
Simulation,378,1108.6004070294048,1127.7909190745147,1083.272758154957,1083.721641,1098.580151,1163.3138476350846,1252.2420627152708,1251.7555904239302,1210.4600115560602,1205.064487275064,1184.7273027996605,1170.2683015662594,1144.6870470887552,1111.9231384480127,1157.0834585951563,1150.5117729573578,1193.389302,1444.4535081282313,1407.3595728480818,1430.0065585809054,1397.5100527468135,1278.2775568403783,1218.26748154129,1142.2970982360794
Simulation,379,1113.396388312544,1095.6444434150155,1083.751501058844,1090.096049339668,1106.0896836632983,1170.4062524065414,1241.3124191618206,1215.1164812223612,1210.6651040747274,1212.584668799132,1163.4721531384894,1186.3252718619356,1164.703259438609,1166.1939530031025,1150.9767200499352,1162.56363004184,1176.4911613420568,1340.3587598263157,1453.536952222206,1391.9512974857043,1317.5053811531957,1255.0647767603357,1192.641809261869,1123.8066232894148
Simulation,380,1131.305399915495,1101.621388082415,1067.8887915748624,1092.3097642282287,1132.7640641784574,1197.6123696348493,1172.0107442605768,1187.8470937059838,1191.3724046320456,1209.1212386393267,1180.2024559560562,1173.26734121776,1181.7876615163927,1165.2605822235546,1142.5694770667774,1130.2419870943131,1165.7587137134976,1370.7958306607452,1473.0655090121616,1414.897867373999,1385.6647730880675,1298.3134197923846,1229.8828954074327,1164.6712630719896
Simulation,381,1132.8677270511328,1076.5933116054755,1093.5979180112959,1114.8031935142503,1114.96616686568,1153.967117493323,1230.682207709579,1215.9013931359605,1191.4158060190512,1203.8464760457932,1172.2885993723196,1178.718522604323,1179.4234528292766,1167.4566245956719,1156.2587805105243,1090.1091639357173,1153.4798601636912,1350.3692826108736,1465.649204263651,1444.0759465839167,1366.6926737058425,1253.193429999126,1223.817130180351,1141.9101701161408
Simulation,382,1111.3581061127184,1082.2934169303082,1050.9384776092174,1078.0151340785335,1088.68700876828,1143.496996391842,1240.094944598053,1253.542092666815,1236.804733678209,1221.33933802409,1186.7888242236927,1183.2916566191068,1179.7172264032401,1173.0614506915076,1139.810815050194,1156.3053928130958,1215.8665664507564,1417.3269891390355,1431.1505327941,1421.4725001206223,1365.9391718535428,1353.6908764977818,1210.3238757833792,1137.860316271145
Simulation,383,1110.9155242846196,1077.2437260809259,1074.15259688513,1083.5765160858487,1065.6794247546245,1114.4362385440484,1189.36217496712,1242.5568239345018,1220.9971228968418,1245.506800609051,1213.1028888713292,1183.9604809157474,1181.1513536282314,1149.621329065329,1152.4522368368978,1167.2396935159932,1111.0009780419093,1353.1912933499761,1454.1824310929114,1385.9089583836335,1303.8577539535765,1262.0071634500805,1233.261944865162,1151.902741125864
Simulation,384,1082.9280413284712,1072.759814197705,1071.8832676987006,1081.6856068927189,1098.3563770666606,1148.3844045731769,1246.8627411470984,1234.1926970434674,1235.1586338896047,1255.2737541205174,1182.0783758760658,1208.9078078147807,1226.8439745270002,1181.4029525199978,1162.567011020754,1159.8224821909778,1167.543304695828,1314.859974092055,1389.384860244856,1384.5621872437723,1314.4219488498347,1289.293078574012,1188.737326189665,1071.1976860211907
Simulation,385,1072.1307920312713,1073.897222611895,1058.417642323071,1097.7444804065872,1101.385343472879,1162.8868785533584,1229.50727004793,1223.6338854292412,1182.1672023368249,1181.223683640294,1157.3894560722554,1173.5717722110433,1150.5849015215003,1151.8636385281031,1145.85138288949,1130.5325597309852,1185.5222987678198,1422.7042348708526,1425.9876917706954,1378.369656732574,1371.8748385309668,1273.249986554789,1215.9509833140994,1136.1515363517433
Simulation,386,1007.5214456383958,1048.619161682721,1030.0054162200108,1054.0297185767372,1094.1140163910845,1145.915165975881,1241.4175062021238,1245.9205490235502,1247.7370429588102,1241.3918297888376,1201.1763617307236,1193.1568294137026,1193.3398049657528,1195.2169363562236,1150.2615480312893,1159.117475130436,1117.9927457650494,1338.6379179186947,1373.4873472672098,1369.5484083756774,1343.5977827470645,1218.7578754076799,1133.3910431989739,1062.1136905653416
Simulation,387,1094.7714267637232,1114.7387575856967,1073.3553488145576,1064.7874529794572,1088.1282412380438,1155.908045970525,1247.74107314068,1233.0307313735084,1212.597666791911,1211.8421918778304,1188.0702923046026,1186.4151556959373,1180.0238432514714,1173.9761846465935,1146.888099239828,1175.6304292069392,1168.4020639776036,1340.8495039122472,1406.462272062675,1355.95690548841,1345.464670216771,1248.273923844615,1172.3102894316185,1132.0018077574393
Simulation,388,1133.0589140938343,1113.3140730878793,1113.690803019822,1121.6079509750812,1123.521203089128,1176.4474410888865,1228.9306654864383,1199.2381800485969,1154.3519656442563,1164.6077146643581,1178.2378160851297,1159.21660994677,1155.3582836336727,1161.1823597773225,1147.5615266775108,1142.9470646237073,1212.7420799620468,1425.4928759738116,1428.8768981900769,1449.000061568577,1357.1564486662492,1336.129530699164,1207.6734624833027,1119.020003700963
Simulation,389,1094.1004493194189,1082.682166021506,1081.707969220271,1084.0188074549083,1123.7901778585795,1115.7622700210104,1225.64066919515,1193.8185502129331,1175.134306710689,1185.6479600000002,1136.8044764804094,1174.8012758688674,1157.1102431174359,1170.6425196624284,1144.7504606172886,1169.5091737745474,1207.3665336579563,1450.5494677405018,1493.4825516487283,1433.154866563809,1417.6236403931864,1292.025044089418,1211.095574843635,1138.931037105619
Simulation,390,1087.2940812112843,1059.7150231291737,1040.316153901043,1041.6277530429688,1075.2906480000001,1139.566616305637,1270.0620590691806,1211.9001757588474,1170.2715915309318,1180.5762967391147,1181.9318996150794,1171.535863829856,1154.0940159504612,1177.0015928442222,1133.460426670314,1098.4480896955047,1196.240394779317,1413.8433978014334,1443.4617966284807,1404.0955169245194,1380.3222359999997,1289.3790605611212,1225.4151858992436,1159.8946095200795
Simulation,391,1096.750498804066,1075.0079022394589,1082.8011998026227,1084.7237155143396,1124.4862038508568,1160.6764764087252,1237.4415737879526,1240.8235668398827,1236.6879141196052,1228.952612706762,1181.8883954385763,1177.7767851965964,1193.799227212394,1179.1929067063093,1146.9723660389143,1125.984657576943,1151.9940259016207,1328.128869722654,1461.4138508739097,1373.9264082152033,1337.0235316022506,1247.3511686622567,1144.4319985810132,1088.733695786305
Simulation,392,1106.2857290770703,1036.559820998509,1048.8928841422985,1083.7379632711231,1091.4232063571212,1130.5380890391052,1255.7342028976486,1260.2782380287522,1251.2745187738235,1225.0591030393912,1213.4735882047055,1218.4915406025063,1199.6075668934402,1204.0346088600859,1182.0962319498851,1182.2575185842622,1140.078575447346,1341.8338939046275,1418.1772013049351,1365.425876392205,1367.7490857370929,1252.6825276475968,1201.106160661384,1141.056035904221
Simulation,393,1084.6577139824951,1067.529641444207,1041.629936553652,1050.3207794356788,1096.3175211253222,1137.7565117123802,1223.9532394159944,1194.3581203825308,1203.0668859345533,1187.3918018070517,1147.326906322413,1134.8568393034673,1133.55600355159,1098.5084021016835,1151.9556134648535,1207.2912673092326,1228.848027922082,1439.0947281058827,1354.1751748017525,1409.9497702783729,1375.8530210113347,1294.2479291506118,1173.2186426265678,1112.754903004361
Simulation,394,1102.441661372714,1058.9667349257136,1086.3334886811313,1077.6985594110606,1090.5031486698074,1152.1753224748472,1227.0973798836976,1227.5360026519668,1231.8603955244996,1229.6915389004444,1206.9723966121137,1171.2500614523615,1169.0340408969,1164.838858833008,1137.0738625495012,1149.205405381596,1181.8609636673068,1359.4881270685964,1460.203975995365,1410.3586919142601,1385.5470524862328,1301.021677305249,1214.6282666749926,1139.864887533953
Simulation,395,1101.5089704232519,1060.9196537213802,1078.2387657870017,1060.8814472263061,1096.0164342519504,1130.872979237406,1228.799749554606,1220.9542061722905,1206.5352222389313,1219.24937226378,1177.9561915622508,1174.2425165406462,1180.5843324195853,1163.359702,1174.769348571599,1160.9082496270769,1222.9983603426226,1414.666768416133,1352.438137706489,1408.4802593595982,1348.667854081732,1282.651558089095,1196.9846433118921,1139.46461804629
Simulation,396,1060.36320043007,1070.2870383032348,1067.1177280493346,1090.3731626934157,1130.6118837412498,1172.4988137276919,1231.9661258268998,1227.1835548329186,1212.5077409011676,1215.2903631860358,1193.9075446069696,1214.3817839799683,1200.1829180652057,1172.7626709414526,1186.9632557998345,1172.5528701955036,1153.6257357773736,1336.5160684721318,1360.208443333368,1388.827656564233,1356.1211748773571,1276.2195024606465,1191.0819375586245,1068.0766774021467
Simulation,397,1083.7139839563597,1058.4847918812563,1068.1053874460238,1073.14546643127,1027.1872061252045,1144.6859690775905,1220.7345367019586,1188.1225797170066,1186.5758887778277,1203.0045701696977,1170.2247431237993,1137.2896988433547,1165.6568006078012,1126.5460086058245,1151.4473411389015,1165.58927156253,1203.5034518132995,1435.0100694950027,1436.944023119973,1404.8359344743326,1357.9768852032614,1303.353078552416,1193.8269342325216,1131.906155289121
Simulation,398,1158.561512769529,1100.283223456412,1107.068527322648,1121.1020316350089,1127.7778135627,1213.5372159765302,1232.0423597744634,1153.1447282397594,1196.12131928567,1210.069799,1175.9367779680854,1175.0509259134305,1167.5999491081193,1183.8607497684823,1141.192521523398,1133.4800614279961,1205.6698098446677,1394.1249007177344,1480.1053786989205,1407.7588876830007,1399.2195588731006,1334.5963633727179,1254.2126543568472,1193.1798429040623
Simulation,399,1121.717526675108,1082.7859812771057,1125.0483667924443,1129.77130122892,1119.9313315755483,1171.1821895376377,1241.7893394394002,1214.9916254810396,1208.924563967411,1203.5330946802987,1188.01618575397,1175.061757592061,1176.2458438143103,1166.5323330105214,1150.4027264654208,1127.9251685599952,1193.7987265063905,1406.2955497808491,1428.1618727375276,1416.590398857203,1385.5175173946602,1350.3261453169805,1245.3712257445452,1153.0510680093098
Simulation,400,1072.073693340987,1030.9843774208493,1066.2415369088963,1078.6842228350376,1125.8319171990424,1159.540507989554,1238.530625915782,1202.4316802099627,1196.2045691348276,1212.0263284960276,1174.4886297212054,1171.2954950442063,1173.9205591920584,1150.046437739318,1181.206716,1169.8055364673874,1222.2329393604323,1421.5502720813606,1346.8731298796083,1393.684069317759,1394.0013797095492,1312.1211393887563,1199.9292575444053,1071.788799623534
Simulation,401,1103.1920816110317,1071.5575345472923,1085.345363514387,1066.897675389979,1102.5059790883704,1155.0686334917475,1251.9795048954916,1224.3123411424922,1204.5653346391678,1189.9904288941868,1169.300288533433,1174.1241558079887,1166.3362366566355,1140.7248859517924,1162.2831811416613,1162.0340935865836,1199.6183581385824,1420.471454368663,1461.5272439073487,1434.957433394249,1401.6194024141569,1323.989714401637,1214.040950507854,1113.8716135966235
Simulation,402,1100.074897746515,1118.7442442723611,1114.128287594804,1076.7415213678637,1098.6006668925759,1179.2312391365458,1215.9164663656297,1161.9242844303847,1139.3855992120157,1117.9350915964242,1095.6404160236596,1094.9761668411256,1092.2786163330056,1054.176016741132,1091.1442272717875,1167.1806629565483,1225.3064718852536,1460.4860195246742,1477.5115003727722,1405.2496648133624,1439.8729924337952,1314.1875471310248,1239.6813611356506,1160.9884084874202
Simulation,403,1101.80044578264,1073.0262088646298,1080.5984714343415,1060.570307717534,1089.060730303907,1123.489447568141,1234.3002948543426,1217.9217496291005,1191.7427066916798,1209.7598276810434,1170.1323798752999,1139.7855315394347,1152.6837287801895,1160.5696155278645,1156.2441636669835,1151.002536,1171.6625556876409,1442.3596885167535,1455.146738183355,1412.7639357199562,1398.4720257736305,1322.0133632751829,1236.043719548479,1135.1766101272126
Simulation,404,1105.5035479049668,1059.1446056786049,1104.7975168287062,1098.0974930593927,1125.0331520146174,1161.968977760763,1226.7890058450473,1229.5927553970157,1199.1860718870942,1217.6489164408858,1151.1422718288102,1194.3417256745745,1192.5462974191182,1161.8034484443697,1151.3161692762162,1162.0382297402925,1187.7107442286874,1358.3725369742383,1411.5999665177312,1391.8050487269702,1382.6785924268315,1303.5476374757604,1186.6677229062063,1108.8297886370528
Simulation,405,1080.4563729607437,1080.775247072037,1079.475274,1070.222085295,1128.3328359999998,1198.019892291988,1273.0005126293306,1266.2040155018428,1227.8030310504848,1277.84024033683,1239.588058806148,1212.1943005223477,1191.7748025642572,1194.0013800904517,1211.3573883511935,1202.8045511588493,1169.3617427117024,1348.8876852306714,1360.4195268584822,1311.2690801789142,1347.5281337974711,1218.2395226966664,1103.1688460717744,1086.590933018353
Simulation,406,1084.4470016193384,1043.5291028317329,1059.9115626703503,1081.8999242344491,1091.35010327381,1139.6413233903613,1271.3724242549922,1270.2036402048477,1253.3653474292375,1271.5373436923292,1238.3636557225714,1208.6369121746109,1221.4431387496652,1207.293394655521,1189.3524155154182,1140.0727105392862,1090.9802405082974,1345.306190733791,1417.0648993600716,1388.8430082214065,1242.4914257028108,1178.5265550754407,1112.5669971537309,1139.455131818066
Simulation,407,1053.3320627102719,1007.0459400807505,1002.620090936572,1041.615648879714,1058.0138942215362,1116.001281342366,1231.4987366516089,1245.921270499012,1226.8570660138012,1243.4558572431945,1210.0422193401057,1204.2518698877311,1207.8030928504938,1183.510666661561,1192.6899238092317,1172.661305836657,1126.273111388278,1339.6629395816717,1352.8560198699577,1372.5794856147404,1339.2819919003277,1219.2876256864504,1157.3593841220209,1065.1951353811428
Simulation,408,1069.7227579589699,1080.6576749131718,1067.9180105854487,1070.5108443219904,1084.4996131791872,1156.4905264592692,1267.2318659794512,1227.0869895181218,1207.4328299419747,1206.9559090058822,1170.0672264995646,1147.7994651289418,1127.685323950272,1148.5965836500593,1144.4384157384384,1148.5960533196842,1198.0627377769456,1422.6959129371317,1407.8498203603672,1439.6702873658962,1381.142912389364,1323.1223028218988,1212.215385859662,1142.3741553021073
Simulation,409,1050.9793778063947,1075.8300596378276,1020.3894181976427,1013.077977580987,1077.2511418926795,1153.24616665412,1244.1152901441644,1190.1876578590661,1144.0045661805766,1186.496353055333,1112.099929426156,1139.1361783577945,1112.3145337208289,1130.5537283941128,1115.7812096669418,1155.461738350977,1229.6990119414672,1457.916781075922,1331.809204890563,1442.8440646667461,1418.2001148379607,1335.828320788476,1223.5635571011587,1114.5542963222686
Simulation,410,1088.1281300473254,1076.521535395824,1076.8931630675431,1044.06408,1088.0653516870161,1152.1979109665403,1177.5629048946155,1169.7914289566652,1200.3907498026124,1199.1827595646128,1171.5579418358286,1156.2355257699016,1169.8193657213337,1150.8156556559688,1163.2486429640276,1154.2101542420696,1195.685909102041,1414.6250721145475,1334.9905660504803,1388.7503393216773,1319.899210307729,1277.639553449109,1207.7294170159573,1121.8155691071374
Simulation,411,1098.922210026174,1059.7254729317071,1075.0389225486797,1059.6318485363543,1102.6885669930218,1150.2705929630142,1234.807698349663,1217.4919646811522,1196.9216558757496,1188.277277364029,1170.0953002132283,1166.7034788553176,1174.751396447909,1160.2979963656298,1159.8093582447111,1180.9483214878426,1204.6042975393066,1451.2740865993221,1457.1219414358966,1344.763150202845,1400.0154012587386,1315.4068778253015,1202.5975272418575,1136.4923882633411
Simulation,412,1117.5116391183694,1059.3162412293468,1085.716008960882,1039.29679961575,1068.9122166188695,1073.8310752914063,1227.5249492223359,1263.3348244654173,1260.8696488232151,1264.5469867933061,1239.4248336477015,1204.6525016528599,1209.136805517689,1206.0435776327379,1156.1956504847967,1178.2551084451788,1167.445029568689,1425.4926553785085,1418.749893961089,1453.6215090419496,1379.7511714265854,1297.9830314709939,1208.2750949500944,1150.9797262365385
Simulation,413,1123.6702543232611,1114.4106663210746,1102.3311870839902,1074.017597884157,1072.576860500379,1149.6365586800262,1223.2023034703363,1224.726308831346,1209.7037023100904,1224.0133930742627,1203.274779964659,1196.998868494758,1178.8490975551476,1168.584410764053,1168.793979502554,1140.6338455683174,1172.3111440533055,1347.161860245625,1469.8055606690036,1345.9747620848184,1355.198444432142,1283.7489025047455,1214.178889766986,1157.0109153460091
Simulation,414,1101.5322799905966,1085.9075716965888,1069.3176662797694,1081.146383491739,1097.9104356902865,1169.3562861769092,1231.1020778068155,1216.6576527774412,1192.3349728222233,1215.0302868010715,1180.863174044738,1174.037702971125,1189.5201114983508,1161.840290059241,1178.246983829256,1107.7886233530146,1192.498415457385,1410.6964891489206,1354.5028326417298,1386.0006735948598,1391.83973191793,1294.4885313149077,1203.2449860427582,1145.7368392305227
Simulation,415,1104.040122188377,1091.4043830288056,1089.8958845469879,1107.6959981346838,1121.4627765176392,1137.5771123728084,1222.63164,1206.5582848928534,1197.8565977311575,1210.1646309945688,1188.2332018975449,1181.5461424700793,1176.5890574408577,1161.6379979763192,1141.357815145211,1128.9568995012648,1200.8179541367358,1435.0071513977837,1456.5310966560046,1385.0280128638835,1403.4593463685098,1332.5391379122589,1229.2082074662712,1151.2480430894648
Simulation,416,1135.3458624823577,1086.666517,1083.8296332359805,1098.6998150227691,1113.4017255824376,1155.7663371974684,1125.555326895856,1197.9409255535484,1188.1867517517767,1191.4381172504418,1181.7554606059061,1193.5834871309148,1181.4006087207867,1186.893058141713,1143.3739090092963,1152.174871235682,1184.5903754133574,1405.7336461047212,1440.7569361860612,1322.221052735641,1326.1551783714222,1304.585239650154,1246.376255024058,1184.7580294039617
Simulation,417,1108.2745123184902,1089.0527197112924,1082.28217071936,1074.9985316096067,1100.0806187321368,1156.6801069241437,1284.1779164034135,1270.0650169075036,1209.7679373759624,1258.7885390767526,1196.6145047297944,1185.7765767257088,1187.2979072568721,1187.757595668959,1189.1358621393217,1176.9489101327376,1170.79549381845,1393.848938681085,1456.056446126763,1454.6812531884202,1311.6043240639583,1269.4305814774214,1187.090644378152,1145.7163471055921
Simulation,418,1104.8783543548116,1113.857827770927,1091.8812296384272,1075.1734009534375,1119.0199090116414,1157.9448951109684,1205.3490414274445,1196.120205128725,1183.757404143165,1184.0497202101496,1160.2603870122787,1166.0152827731551,1161.7406845794924,1152.190777483289,1150.7926290948435,1151.5925935409446,1181.000843,1415.7762701667016,1455.2879321550631,1407.6417033882126,1316.6185671972955,1325.1573119822958,1219.081382095441,1136.9028850000002
Simulation,419,1062.8983026489286,1030.8052309165303,1014.7298649060325,1041.6277306507532,1082.7395780935396,1134.0081154669622,1220.760439509124,1228.4112890182628,1214.523029162956,1215.7689478923241,1176.8422955480082,1176.3587543568267,1173.476135128798,1150.537462020424,1113.8192394195628,1155.5071097917203,1205.1851772725308,1382.0120628758407,1378.9931335383633,1355.9074862800576,1412.9007811211336,1297.9928718873448,1199.002986,1091.1774514834215
Simulation,420,1082.7118353087944,1086.0981372068827,1087.4340713784145,1068.5765801594837,1096.0942708123102,1165.34149568852,1210.3049865669673,1214.4579095140598,1184.845036331856,1174.9135871697563,1160.9537021496494,1156.948916139858,1161.1739905823445,1148.0441335224994,1157.3219375,1144.8043500664241,1227.4981148104866,1387.5978195520743,1389.3671727864157,1396.2955590151512,1412.1773987586903,1309.9222255905286,1215.836051192713,1119.4507931268704
Simulation,421,1112.9591201331566,1088.6417590951085,1098.8113436278793,1083.5484176896516,1085.134320745515,1165.7615292693968,1230.2950406540513,1213.4994685712604,1203.5083020166694,1194.28065716195,1169.1874564500858,1165.7830627341666,1167.309154516708,1138.6847642557116,1137.0629756944018,1172.490198582269,1206.7010603585356,1424.6433358336253,1442.1419342878332,1357.7922975319557,1376.2712116865662,1280.9469937542126,1216.607223570674,1173.0207645868102
Simulation,422,1089.0560518879138,1089.0817218541285,1070.7103680593036,1035.2465291749306,1100.0086333120175,1156.1464870699178,1222.5373969377517,1171.298444786729,1156.3001416868876,1178.1358371675485,1135.2742371049112,1166.1592038820136,1110.4591563511965,1154.4457095163355,1132.7873843578982,1146.0472338486636,1218.503335754133,1421.5907157224688,1455.596387399478,1460.3263934118181,1362.016339335292,1296.6409018610593,1224.5246837112459,1174.8719248660304
Simulation,423,1093.777969012803,1089.9626080234818,1073.3994519999999,1103.4734604043006,1099.923266032272,1142.2756544626486,1184.845858153167,1198.48215616335,1204.6103920854187,1217.583396424543,1176.7628871253296,1169.425679683982,1172.8311919999999,1169.512917183301,1157.04026227063,1196.6981682934966,1190.9767622,1441.5520405522154,1452.1740111067654,1373.0339122995367,1292.2400812989983,1301.9001136122686,1220.5252839427703,1145.0571336967528
Simulation,424,1104.451575808612,1075.0164176146545,1055.823215466838,1082.5378337807858,1090.1925028703972,1183.3356887872208,1253.1469869959406,1260.1014129405937,1203.8365159429393,1230.6081618069877,1203.2603350590327,1179.0612586276275,1200.1620306949176,1160.2388742640082,1186.9454830946063,1169.3908988631085,1192.1329777481624,1404.5051504891806,1380.184179301648,1340.7317509902123,1347.1670329450483,1245.7939913030173,1139.4653493370097,1126.6591272945616
Simulation,425,1102.0455680331993,1116.8830238333599,1080.2195667951605,1056.2941834214855,1086.6461420389162,1161.5710971082842,1223.1238939054535,1217.585460167472,1211.5545259855724,1212.3785754806092,1201.044184455963,1179.5989040594325,1174.080596,1170.7318937258178,1151.5019937839918,1195.836846082796,1232.758639213829,1438.4636676614318,1383.1313497922918,1374.3755239568266,1376.7653841844422,1310.0721036687705,1246.7468434775724,1135.3742711589755
Simulation,426,1098.251132249566,1071.3814967194648,1080.868299415792,1075.3435058569703,1088.447151837353,1131.541946840816,1170.7213774341326,1212.4453450019942,1159.66332623616,1210.468161606838,1184.2150067308248,1202.5227720781509,1206.807654189349,1171.927382081475,1111.3127084188936,1137.7698495047125,1153.6850821886694,1409.0934548308476,1430.55105163534,1370.1275496230062,1295.914765472759,1300.5932185232166,1205.073382,1124.355559750269
Simulation,427,1091.6233399904406,1082.6281239370185,1059.4886535744577,1058.707056200678,1097.8182129672578,1171.516614983009,1270.6659654338662,1195.6227228424646,1172.5917920286927,1169.7720516178242,1155.983066097582,1140.0770699692741,1145.6508828811739,1128.61954518479,1146.443979363849,1162.989959759806,1196.1503468049827,1424.9762193106692,1403.1970727269854,1403.3761823967438,1423.7958193007335,1297.613869812604,1169.0316766843227,1131.37311969611
Simulation,428,1106.069347067231,1094.8525020760328,1079.0142872143845,1074.7079191672929,1094.65023139104,1169.8870366244216,1250.7533871189348,1215.3324898611702,1192.3065037544286,1209.2275619261627,1174.0790245390122,1172.1046863451645,1177.033571880035,1160.3156372064532,1160.1632872319087,1150.8069962743755,1195.627849312022,1398.0076465505128,1434.4961103069998,1310.2647109529591,1398.650405934996,1257.3616312233676,1212.3471336794541,1158.5405476325807
Simulation,429,1099.8791042538498,1090.9221407886785,1078.629652,1068.168872080642,1096.7870621000002,1156.4874875964324,1228.0425947646609,1249.1433887958108,1235.6292050417333,1217.3338576595254,1182.3546431121824,1175.9767273054174,1168.7875976024534,1168.7218473578907,1155.9388655827183,1109.2759003002584,1197.0180819327652,1368.5187870578666,1422.7874036183678,1402.8558772127988,1369.1736783719132,1306.1566246844927,1214.8654334245534,1164.4531152397703
Simulation,430,1119.9424185873602,1098.1141632340784,1105.9276343069048,1078.5163949952225,1125.2936515826766,1161.5488946511641,1292.718762311189,1173.2231869821162,1177.8602774452206,1185.4502761895258,1150.6828229204705,1141.454375418684,1177.0502008543526,1157.6900516898902,1133.726447675381,1195.8154680563455,1262.0344157717236,1462.4307453350725,1465.8875740519686,1415.0613981071997,1415.8907590375577,1321.4508083578876,1252.502497213562,1152.4759756423582
Simulation,431,1144.2881999836807,1129.7944958782714,1128.7468518490202,1102.7230849220207,1126.1661473697345,1224.0528077715414,1289.0246396742752,1237.2201425114317,1200.6810908577963,1225.6283467584803,1180.8280915984183,1189.4794395406886,1177.5339260109993,1168.8015478601199,1153.0836394996522,1196.8218572407438,1241.1887529613832,1425.705342886468,1468.9116107148957,1476.6301158526244,1412.9011800925584,1343.1586893633796,1213.3483503417376,1170.4445728594594
Simulation,432,1041.601307441595,1073.3902695408062,1017.1230361624122,1021.8462797008905,1043.4116331166776,1136.4679964962415,1233.845968,1225.7257288529436,1235.6658383592394,1232.3469601869479,1224.3143275914697,1207.433347059217,1183.4297549055007,1187.0720172059262,1171.4698676479388,1167.8259487191485,1218.8690428204588,1385.258814682633,1427.692260339994,1386.1582440009402,1300.7600994642094,1234.7583084945306,1165.1650279037856,1135.7803459000002
Simulation,433,1147.3777248773126,1109.5795996739166,1093.5938156748907,1081.95289242196,1101.8341544292675,1179.3784216061322,1230.970502183851,1212.8172470522488,1183.756386061662,1206.0100815826718,1158.0251811094006,1163.0399965086733,1158.7529918639857,1154.2481440937217,1118.2533128186265,1090.9436650269427,1209.5829804323707,1427.8106257586069,1405.1308347055765,1469.1275953171998,1320.688147941332,1316.0825441167676,1213.979669259103,1142.3548824889058
Simulation,434,1110.7933953961353,1079.0500814953905,1082.9362396898205,1077.1797263534957,1076.9300735205688,1151.8999687444966,1211.7349746592456,1220.3650052200776,1206.6451102412984,1246.9968262408702,1214.41368895515,1208.5335958305288,1217.876362414192,1178.3704699265368,1164.8208709901382,1181.9037012294134,1182.3621905730772,1411.8459430264513,1421.1083521596595,1401.7330212447946,1296.1557254492816,1307.2842148983993,1207.33074240286,1159.8102013556315
Simulation,435,1101.0676581881153,1063.9825718958416,1074.4795663974642,1077.796724308843,1103.8935094809208,1149.6759668882873,1215.5285468811935,1216.0848571524625,1207.081130751625,1184.143675140225,1162.3574994984733,1160.7866233168197,1124.8313522037859,1146.90229866231,1163.3143123316347,1175.0379292307782,1193.835997015736,1397.2841467767873,1432.238435891734,1441.1233704308536,1386.942080937881,1294.2706063825774,1197.5927027520404,1159.8266529277078
Simulation,436,1093.2569321033343,1085.0693078707477,1085.5415952011253,1070.3320060807482,1102.153907343338,1177.2902099246883,1284.8772076267937,1277.7264157739514,1260.169855570016,1256.3270929826756,1235.3516022920721,1204.6225737463812,1217.918059,1217.1888792658397,1178.8339089163605,1151.929724331977,1166.1788761444918,1329.0786633761072,1483.2095753946983,1399.5799358183363,1341.6750139891913,1298.393441135777,1218.7221995721238,1139.2057281245175
Simulation,437,1127.7036092069743,1125.7166269218087,1081.7169842492958,1120.1148284176593,1158.4603432082122,1219.053629096066,1216.8007065062766,1166.1121051785992,1151.3752668340844,1119.2820087307741,1119.5968619885718,1119.3417184632342,1134.7592290634166,1107.9432842141211,1088.0719522432084,1142.329132463288,1225.7202085917058,1435.3718470589708,1461.2497984351608,1415.4682353991202,1373.9974475664822,1312.5308725677266,1244.9637256069873,1178.340658031729
Simulation,438,1084.1905157191502,1083.4555097830112,1079.6599551077775,1050.9733808037363,1075.051216203841,1147.8211330228855,1222.1717892893917,1200.1588937344698,1198.1655686698434,1206.9750144941347,1177.0318010820067,1164.8324156331548,1174.9150978379084,1160.8179479538292,1168.700640655173,1158.4579841611037,1197.9946633883712,1442.9338745672346,1462.5706267543064,1465.3152443688662,1373.7654447329749,1295.1609948285723,1193.3592905743935,1135.7959895644976
Simulation,439,1095.2608044560716,1028.0139906436227,1016.1020872704312,1068.7882080000002,1037.7226518998018,1085.746227320829,1236.0635101165792,1245.9275993115903,1225.6580536744552,1227.1371963733882,1212.7977146970998,1195.6001881629904,1184.6719498165962,1175.591957171629,1182.5123337643454,1192.299032334899,1142.6281255452066,1392.191148986462,1359.320862633008,1459.3950612984997,1309.3878406466813,1279.5314928770933,1213.832785284038,1146.603512325854
Simulation,440,1080.7991095017253,1092.4613522143836,1067.0284747268752,1069.8059776088749,1103.6218258450344,1167.2352346801351,1227.526201085858,1218.565659786816,1195.9121238003531,1208.192486,1175.3169199604495,1174.0939776509833,1173.6539714195658,1162.2667440363127,1183.34104001216,1166.835701604433,1230.4746562762873,1428.9088040756726,1359.5886552429447,1405.7342127780146,1372.2332350558795,1286.0095625715921,1207.302280414863,1128.667723775113
Simulation,441,1113.8429286694404,1100.4661455499663,1092.2069699212911,1087.9201815883368,1096.3020263770004,1148.0662500298681,1210.2970200920242,1219.4076599999999,1205.7243154969333,1212.019510111547,1168.5256774815277,1178.6565114921564,1161.04393,1149.9870270993727,1155.646966268455,1156.0243389551429,1220.7519288636124,1440.2628048188099,1450.824012893034,1414.6936753561567,1417.6572285912496,1320.884843489824,1187.4943981821127,1136.992385522792
Simulation,442,1135.7249948368785,1105.2502737440948,1104.9476697170012,1078.7100305399495,1096.7599346722948,1161.9120538125296,1253.873220886052,1188.6473511645827,1194.9371511306088,1204.9341812499779,1169.4775863568004,1188.1565839267105,1170.7453881388415,1148.7373756685402,1160.0313513211872,1195.1731027963679,1213.5887726201727,1436.7314060716355,1413.8525773086817,1464.112080838836,1341.1882355104863,1318.1011152497056,1214.9002437707054,1157.2063439044507
Simulation,443,1098.9128273269876,1075.1181906116267,1083.7325065645039,1078.6753427360793,1101.4071900358404,1166.4959415082208,1231.0019513526306,1226.1048868243881,1223.782050469584,1226.036767636679,1194.6351384225402,1184.3904556116445,1180.7384530839367,1169.821448235895,1163.8082991551448,1187.9694447331806,1197.61658282014,1360.8796621665233,1412.6531231739336,1393.3274806983206,1346.6391216504342,1278.7403885261604,1179.3677884555225,1115.0610838265482
Simulation,444,1128.9306389151031,1116.4826113995655,1081.3239392703056,1109.355575778364,1150.8217982976391,1194.411232588836,1213.9527331548773,1174.7464329766883,1151.5694701696104,1141.4679783511613,1113.2065451666344,1108.9127751803812,1100.7603879665428,1106.9667356189345,1103.43531244679,1105.681370866115,1195.8767282313981,1447.0378837054893,1490.7492143548745,1408.4118466989885,1396.6464971378527,1292.355231754989,1208.2442925017856,1170.1279572153005
Simulation,445,1118.2580761562956,1079.8539493756937,1100.3389341810766,1109.64422642184,1108.930532595253,1195.7044351584573,1220.9868826188704,1195.7812956427986,1201.4348690514232,1217.9215887452178,1172.3906798599282,1178.2355553558702,1172.5483053749983,1157.535462522191,1147.1906959981604,1131.802350256267,1177.716498246645,1423.813591451373,1442.9731128538483,1434.814879046913,1394.6878750014093,1286.2692138748662,1222.913045273843,1142.2803774600193
Simulation,446,1107.9011656341252,1068.992618830594,1079.6452273085815,1077.4539530395662,1084.6444560411528,1171.6472835006084,1292.7376387290426,1268.1397805560161,1228.592779307891,1253.785485722243,1205.9202725094929,1213.5498364284022,1195.4316457896416,1195.184577,1152.5990727267274,1180.8173291835649,1189.3254807156484,1380.7280941274341,1451.0933629864383,1417.783138988278,1406.0349492333173,1256.1977164974307,1181.0731250340875,1135.5945832451578
Simulation,447,1083.8356273246322,1077.1432086719246,1076.7986183717292,1091.320777213345,1108.8429366611203,1151.3201574340208,1222.8541062795578,1187.4725608901433,1178.7015300782923,1191.5868629417325,1170.71784780608,1157.907596142594,1174.4888865593227,1161.8029004722955,1141.994767317575,1156.6762066404294,1217.617170120603,1437.2540055897152,1451.091410191824,1426.7653420645825,1357.5361538282089,1324.7115300414705,1262.9121078188546,1128.9516482217748
Simulation,448,1090.795066957663,1107.3554522690845,1086.9674146958967,1091.747099667975,1104.0730854331634,1149.5286654810711,1250.5211648141412,1232.758823380702,1202.9384778970848,1199.819737096334,1161.0016139248794,1137.1647349179912,1118.6270011025902,1135.6674206880828,1142.9663851789117,1204.7520361000745,1220.281316819792,1440.7361052007955,1449.618392759615,1399.6582166172327,1356.5533659922592,1289.421071337249,1207.5991154167507,1135.5219146388827
Simulation,449,1098.6682617815545,1064.2328902470583,1077.2512361658123,1074.1660710223057,1091.8188508297706,1124.7221909243094,1240.4006897730724,1233.9237771492872,1232.9528222014014,1221.6142332090362,1186.5020770172591,1180.6397368531402,1166.6504546388146,1178.5700937533054,1163.7246059128197,1162.2577772064378,1220.4285596073141,1389.1878230002742,1465.1812968102222,1420.4578323945211,1414.575214968361,1308.4876318787717,1244.4651868037085,1139.791833617914
Simulation,450,1113.0507536307462,1087.2719769730234,1080.5594741415327,1085.9389174196976,1079.9270501706094,1177.730885629297,1191.6087462889823,1226.2586465096429,1201.4825728463716,1199.2454124706903,1181.2732908902371,1184.4234691691604,1173.4525219401146,1168.9373181437584,1165.4876687376973,1161.5378292819412,1200.2703219865984,1377.6329395387772,1415.1838853850886,1441.0269288981442,1380.2283356270104,1297.006712366345,1218.8455126847184,1133.722026350183
Simulation,451,1103.6963943831345,1085.3830012102196,1081.283667546409,1070.2560526415004,1093.2427385285448,1135.7176643370924,1182.2583497780604,1143.5706031673608,1178.7917898014507,1175.4852611000804,1122.3185132804235,1119.1980889519646,1121.4420434603567,1111.9830268290123,1108.5696973628644,1164.2818501865431,1203.5901044841282,1425.849837694652,1429.9169066416496,1410.697477739514,1403.4197236071795,1339.0960815748256,1217.1334799045746,1145.1347936798793
Simulation,452,1106.3090967083228,1082.5238282,1096.6662413420877,1117.3902346078896,1114.2310959878441,1189.4800534316116,1253.2104252575916,1236.0969442626326,1199.2614294426005,1227.2300948760417,1225.2248423405308,1218.5026246893656,1172.300093215202,1199.60355222799,1154.7699978489902,1121.7450742000046,1140.4048726252956,1371.45411774929,1445.829048707717,1373.3786153839662,1334.7862430466494,1254.78813839878,1184.214262002898,1138.020843
Simulation,453,1098.3790237637718,1074.9235553364267,1079.7124917738026,1065.4509900465343,1100.265350040908,1159.743218491927,1218.329413544022,1158.5704193509328,1194.437863863992,1176.3622789652866,1186.4564283583375,1179.7015968310589,1183.8328134988747,1157.877317794708,1157.0323832632876,1170.8903554058202,1215.0808445750229,1421.8429546718778,1462.0814723154817,1408.5529524629526,1415.4376208268175,1310.9864924568674,1220.8375638655411,1148.2777025078815
Simulation,454,1104.3185840713973,1064.1395414240892,1070.7320576968477,1078.1427611553038,1107.211650082378,1163.2232415346562,1231.8788738513422,1190.5586819679822,1200.3531127433705,1203.3027897057236,1168.529102384547,1164.0543050785768,1153.324859227341,1168.428565300017,1159.1165583263075,1160.5732378271912,1192.6183273804297,1451.808443394751,1431.3593214051346,1450.6503421251257,1400.371969394429,1323.8591938409077,1203.220812560913,1141.7056330184764
Simulation,455,1114.5712232192238,1091.3674647582532,1074.8379403676154,1067.5100140475618,1084.59623524831,1155.3186849357605,1231.5472237241984,1239.1121381366888,1248.041551280922,1228.439679865171,1205.3171182041342,1196.8285432945172,1172.3588246878471,1183.2528255074176,1162.4375658612,1159.5462125260108,1206.111847388538,1388.8624777706748,1406.7521338820661,1386.065372537363,1346.099860992893,1312.5195750424011,1211.3183345149378,1152.6988976026144
Simulation,456,1131.8612493424198,1096.4005871117076,1095.2991453154402,1084.3126207654493,1076.9873726427948,1099.8226172960885,1215.3382191098935,1255.2455147982735,1234.4567032567534,1226.0402471240207,1194.6460192393902,1202.1235869359657,1177.6564632931058,1154.06718713978,1131.4340954997308,1180.5192056788171,1226.552279265509,1440.1873854108278,1448.1951839699134,1421.9264552543698,1391.522798884023,1260.316774928924,1207.6515852694122,1194.909240133379
Simulation,457,1092.8006962382651,1072.1173250330098,1073.568931183992,1082.3788846371963,1093.540049843033,1141.721337715912,1240.8548129728833,1209.6993108748497,1225.2801378119946,1208.6569208057583,1185.0818445206687,1164.4858007593496,1158.4823534696106,1168.2342303891205,1144.0472372165946,1182.740248938479,1205.2001493340922,1419.2392664708675,1471.5515920325472,1445.5959671818587,1382.3958088429076,1276.8829116749,1209.7912362191332,1136.8816523441146
Simulation,458,1107.2870358406135,1083.4602437622525,1074.9813487130991,1111.8757560000886,1102.8251423803886,1143.41026955232,1235.6320012385925,1219.8842295376821,1201.8663086351164,1185.3160412133348,1183.0014120481303,1193.3938365174545,1180.8818672687842,1158.8528303845114,1156.242623406585,1159.3038044881293,1161.9973492461545,1341.5089453516173,1424.288992329499,1392.7758423178502,1386.1879547123388,1274.5777913821598,1162.6021245040188,1161.7167845950837
Simulation,459,1107.0084421480367,1082.6840708101247,1093.2639189895574,1094.5160126400433,1119.672952833927,1178.762176629398,1289.7073039350082,1256.307697608235,1230.6729689377562,1239.172156135603,1210.0881612462606,1216.6397582844656,1209.8414716096809,1172.6032794543946,1171.6134020709449,1164.2999962979763,1151.668665568265,1341.3827429343637,1396.889728934222,1419.661325595514,1376.5504693430935,1248.5420059360604,1181.3035290905473,1108.0435732376334
Simulation,460,1100.9095781387578,1090.4243290405102,1071.849320168645,1046.064395753514,1041.5307365745173,1088.6916283285238,1249.061297277263,1274.441174143678,1239.8972297519026,1212.629246564997,1188.6679218157751,1170.934427,1195.2893267679788,1166.9384618169806,1158.463555029409,1165.5755331667715,1199.8567516833864,1404.260357426908,1436.7601846791138,1435.017167072934,1422.6017210540715,1329.6063286403714,1237.7139942915367,1151.578615099422
Simulation,461,1143.9265746711706,1109.311068799141,1103.147614522508,1075.814915908382,1086.4261830433345,1176.8997218728377,1216.4171596041351,1194.334224083641,1198.2693624264798,1208.1749231699457,1187.8112398399744,1173.4616340769048,1174.7868057468445,1169.9485720763723,1171.182663255207,1152.6179934869947,1192.1601516943883,1420.6639250855949,1463.6585252406924,1441.4780190922622,1430.4015661331016,1346.652135882629,1270.0177410154524,1180.1378022158015
Simulation,462,1128.078269708728,1104.1327393252711,1084.9255224469384,1112.5098903591293,1107.743640484006,1154.6343347898398,1251.2545386906195,1210.042981908614,1203.409955806671,1212.3847706846832,1183.8955921453776,1170.6038136118668,1163.114429,1162.1296745502652,1164.5449274690113,1194.5329942109956,1213.1816855179327,1399.2234265104341,1452.2735651221997,1419.292006403263,1418.2273520535068,1280.0651832379672,1187.8737858676575,1170.1379626340765
Simulation,463,1076.879864120241,1059.3242821348883,1005.3394048434159,1061.6383258599324,1098.4796869424592,1159.1245493396536,1253.6021620131214,1233.4768230497325,1196.1742215021409,1204.6181143128094,1180.5735809882658,1175.5233853839811,1176.1846682802748,1164.648611529994,1130.8214734211133,1117.5660455037778,1124.8212180609412,1347.177511158152,1372.1597304993438,1315.8540754164821,1329.9654846789933,1269.7407776604211,1182.913186923074,1086.89807159787
Simulation,464,1107.093293324164,1086.4010005833136,1097.084650061803,1079.0093809665257,1100.9098121530526,1168.8514916628833,1256.0586132393078,1211.0429159059663,1195.7892354985886,1208.7076114425909,1205.0980739915744,1162.217215,1170.4444398939813,1179.2015641707687,1177.2215005415562,1202.095917128027,1240.9682355035545,1456.406806331269,1392.1689983366416,1406.6451044160135,1334.492330353974,1302.8320882924972,1209.5411781152377,1155.8733070981382
Simulation,465,1112.383514751788,1134.11442230082,1077.0265136702515,1056.2132288172493,1099.0030325,1183.8683356785318,1222.2589140224866,1199.9339840552464,1174.182395945844,1157.342108540061,1143.7813763620181,1141.0435911131121,1163.1392055265067,1155.9811466566437,1160.0071700103654,1195.4954589697145,1253.947413088942,1453.119071327032,1442.278091184592,1399.861970947497,1430.5115493572698,1359.7479367808342,1248.9250543437802,1173.8962121982818
Simulation,466,1103.9130135790465,1065.7559326857106,1073.0318726865498,1053.549104,1071.8703580733757,1121.9680021372517,1222.8816102881847,1249.1413053655763,1232.9795409113922,1213.1881093528714,1173.6300852579602,1172.9507161088602,1200.0721736035425,1172.5034051822659,1173.906481773539,1167.491139199451,1183.5459961765132,1378.4724795149743,1417.2784340611029,1411.7118734003477,1452.7403998620548,1288.592455964452,1201.0542161270703,1117.1214215705288
Simulation,467,1080.88711582351,1035.5604483380218,1024.7503651539569,999.7660567142891,1036.7966740057304,1144.2777951416813,1244.3492388722482,1214.2202377296383,1182.4773377153804,1206.4507438681908,1177.2939309811354,1165.7857844408554,1173.2290540000001,1160.5949104137528,1146.9124828706445,1155.6296136195613,1194.7677653319222,1411.808811479912,1373.587869274063,1331.6617112579927,1364.220344266576,1274.5899558944695,1181.928859390913,1107.910649817976
Simulation,468,1123.1214382759608,1080.7555594696332,1085.501677837472,1086.401728768174,1106.5559123331661,1180.1065047529441,1249.2149719190013,1190.5333418127545,1173.750421911763,1205.7166033146405,1193.8370545422574,1169.0500000904876,1175.1377078334638,1163.715339900021,1173.1471369240421,1137.9778462462973,1191.5110307722832,1395.4599376896163,1464.5213511500854,1405.4184310460855,1360.3405424860744,1270.898410387403,1202.5442228136249,1172.9776725753347
Simulation,469,1128.1512687299098,1119.287380697068,1106.3622300298837,1105.1368925440036,1087.699866085778,1156.7109609057447,1251.98361271324,1247.5848884476973,1210.0642690834795,1218.1153177186777,1184.2393275275806,1161.6861701348432,1187.5685978192284,1161.6778926925192,1178.2459748141332,1159.259835791241,1188.7124270754964,1346.727310739556,1373.5925711533803,1447.1482366912524,1381.969909093895,1326.0798439198145,1211.7206551199592,1121.3938045684909
Simulation,470,1103.7129801382612,1089.3162236387811,1066.5079099567017,1072.5690279330547,1053.7419160610634,1142.846605859886,1247.574536312944,1252.520033747649,1198.0367864001742,1210.5156669109733,1179.1410057982894,1162.085060183785,1197.4373658666045,1168.6426714051956,1144.2373801019935,1163.855104302293,1200.2524833952932,1390.9217952582433,1449.7818338285567,1432.743280304993,1319.9067454975213,1330.6495071364125,1264.6177588381777,1157.1725392036212
Simulation,471,1130.4058506935755,1083.1152885477875,1115.6392016086945,1114.7353390970982,1139.5056991919616,1186.4198951128633,1235.0437707462622,1171.8356275688332,1123.181276760814,1127.3462854050322,1142.3797066300942,1172.3577718940376,1175.463100858487,1160.9361354369669,1166.412155359638,1137.0078232126825,1197.438081717898,1434.7670749838703,1452.8896266629285,1408.3822379245444,1402.5893471865083,1279.041956087867,1214.5070408183312,1132.166964
Simulation,472,1116.8803191335962,1075.4522971715394,1084.843715988338,1112.4162479584593,1106.757729015062,1151.393200699096,1217.2434815911288,1211.1296650612678,1226.5982263751994,1221.683199760873,1195.8179120000002,1181.9572793233888,1202.8480450967543,1195.2069590726921,1173.4412624189385,1156.2580699105972,1161.9016729658538,1414.4986392853923,1401.8859360509928,1396.8371298168238,1337.5972428407708,1276.6754085044429,1207.3376071639916,1125.7983931751269
Simulation,473,1108.604667772714,1082.39358,1083.9505734124418,1076.4513076835017,1089.1815197128633,1157.3153395474528,1224.8749893563763,1207.468189458349,1210.1953059345317,1207.9786032596667,1201.0607627644454,1177.8012019384373,1190.9750687285784,1173.8730329999999,1140.237572667997,1168.1778157439678,1221.0172718376166,1421.7597054580588,1486.3850919554748,1407.1853104815302,1381.465688978914,1331.4619775252645,1235.2002542021132,1154.0376630094293
Simulation,474,1142.9437734366006,1094.6932157329218,1084.8738808432295,1077.4531923206669,1086.5697512069823,1156.8434347140098,1222.9954792346844,1229.2659910893126,1207.1295256806027,1206.9242893030168,1165.2614183820479,1171.182321192698,1174.3051132551739,1154.3610894430867,1148.618289535959,1161.807426962501,1195.2570791259798,1401.7448232242511,1431.6270071481015,1397.2109985317607,1368.3851566280084,1283.7174226125612,1211.5536897120364,1136.5928332091098
Simulation,475,1104.6267669249605,1061.3321494039028,1102.4826473762841,1083.1309563915006,1123.4743302807851,1190.935767709795,1230.7263880243438,1196.6310986598576,1202.0606113759825,1190.2955031986107,1121.2740174516564,1119.155314568581,1136.6336031493224,1107.6620236627575,1088.3386867379106,1139.2132624428907,1187.8427647446022,1463.6415546248425,1398.6476523865929,1408.1397682714398,1322.9883609957556,1340.9009640281542,1204.7419917709265,1110.6845749
Simulation,476,1050.211175396974,1087.180873963352,1081.350924877866,1101.8102642138424,1106.5369882647133,1161.000215308241,1160.5858555175903,1168.9000953341636,1137.3357583552772,1173.9707288479171,1101.7619023820273,1118.4362780049855,1109.2869438397356,1111.2722263230028,1152.9615325474272,1165.4437781234421,1198.7284936167623,1452.2810189986603,1424.7769109209014,1407.8903836300938,1417.8298892751332,1306.99705391444,1206.2599117338946,1139.6261506528683
Simulation,477,1035.3565053422951,1080.0498474404933,1079.3312825695061,1026.3343985311235,1079.2324218951012,1102.1296020700631,1232.845141632605,1219.9026434518582,1199.4838921737498,1196.9666259086903,1176.8813637385329,1163.6226020671336,1173.703479443233,1157.3175752392258,1138.147296835985,1160.8930992117275,1182.853531314754,1419.1330220558752,1389.1497098596026,1389.9806403164716,1306.3380288576038,1248.4838031726747,1181.2326014955881,1132.2999045768906
Simulation,478,1111.2369059088287,1081.7461922624634,1120.1511169299517,1089.600413621823,1143.586818452771,1220.0492154207213,1269.701872602045,1213.2966909453862,1196.4921946258166,1178.7102720653563,1184.342191819796,1169.2875853883068,1154.1265774606009,1158.9308341723854,1111.78870087826,1137.2724036657462,1205.0963800110553,1409.8226606725805,1398.811826960951,1425.0124746436793,1368.5474885011824,1297.0733027788706,1189.8946506766056,1112.989988008949
Simulation,479,1110.539506936281,1108.9779126841672,1123.023880744992,1106.5349955788097,1153.216957847722,1176.5554654280734,1279.7722376614593,1258.123822802387,1248.0969440277668,1243.6638586041352,1203.57617,1212.7007894008468,1211.2981594488317,1195.5977473406213,1175.6100609320806,1155.0541141432293,1200.7226389428963,1412.5358016099788,1415.8874671310664,1414.7950830797402,1408.5452424465338,1298.7542383882376,1192.8163259069374,1161.1309019952757
Simulation,480,1108.7545398844688,1079.9171440312384,1073.1476050228341,1073.7249481232486,1093.160043797473,1159.06941347175,1231.80056146233,1220.6911728529185,1209.4006912483367,1199.7315681471832,1177.3048708558795,1170.5733620157487,1154.8650114716245,1124.844856174777,1113.1700677670349,1112.5523080153823,1191.0518264436128,1400.7941836463476,1472.9501554774397,1368.925168026953,1377.2433162430757,1307.540056761679,1207.3324859999998,1128.3652139622573
Simulation,481,1104.801844793229,1074.7006658290074,1084.336498950677,1081.670101,1101.6396123243226,1153.9479893561145,1227.9084232341067,1241.1138773694463,1202.9042373220261,1212.8777012318253,1181.3873043461379,1182.7542501391767,1188.4348770197525,1154.8466069653523,1165.584557966303,1165.5136479313803,1191.6362511019368,1351.61529820264,1442.1809942403745,1403.594889554549,1366.9212229028956,1287.1115572652402,1200.6934882025955,1146.8974838817878
Simulation,482,1095.2964045648762,1116.8129634962,1075.5331548710728,1077.2830530351994,1088.6646408884478,1157.9634513557132,1226.1265139259006,1215.0168509257962,1178.2516411191075,1201.5959053877057,1169.190582227982,1164.3504992063436,1164.8118409828926,1147.945031915542,1160.530495310751,1186.8399371087125,1196.063080363606,1408.7816862504585,1407.9293755033375,1444.2131604657534,1350.734858309507,1318.9854198133312,1211.5421032539302,1171.600730669941
Simulation,483,1084.5608019994665,1018.9152023277065,1046.6917768998655,1028.4527107096483,1027.6233322922626,1136.8865334214179,1252.27616503659,1254.1654491104014,1271.9530947861863,1249.3619162698408,1211.3736158751722,1209.7216686851566,1194.3329398500662,1197.9677549598487,1166.8446303056319,1196.0205383079103,1194.24801054375,1314.7378604764672,1422.4724065254773,1353.8229977048454,1352.2364710793956,1260.6740432066044,1135.6211072921012,1061.311293871853
Simulation,484,1081.558932447428,1081.9129762392174,1080.018593838398,1079.7534057142657,1093.38763509767,1146.9897129273138,1228.929753177106,1227.8145469776737,1219.5342961862407,1222.9105275074226,1179.2054010582697,1178.818703,1181.7317003353141,1197.6436104788127,1192.0175155614922,1205.01272112056,1192.0815400000001,1408.4752429818782,1427.716293492502,1384.2193079537008,1297.503979554881,1280.7948073908274,1211.5111862263307,1135.0771080693596
Simulation,485,1075.5043387769608,1038.8832317072759,1078.0324968851694,1078.421024294804,1100.3385683572806,1143.4360982096623,1245.4333909603147,1227.2514265299337,1219.2405255743915,1206.135711555587,1195.4576329389524,1172.837113,1178.692976492183,1161.3543260000001,1162.9783925850052,1156.1787949533368,1177.265817144502,1387.068450508529,1479.5623635015327,1390.3753611193017,1351.6456964095848,1301.9063092530955,1220.6432166292745,1127.6014221481416
Simulation,486,1074.7312797826473,1061.709042824647,1042.5701570899298,1072.8915120244988,1059.1652837525833,1108.0678922882694,1230.2253556609287,1275.2627411016254,1238.2729491940638,1265.6960415596939,1211.8982902879452,1202.067249224628,1202.7394710749832,1182.6681593096266,1154.8814323633135,1182.7957248983842,1187.0223247101903,1380.5195721768923,1371.6105720762512,1381.5697559655807,1353.3189340228892,1262.643863595123,1204.2215851631568,1125.7464369630059
Simulation,487,1101.9369695634723,1072.348309,1065.5875465547251,1056.3680753282106,1043.0912366272712,1124.9846844142758,1262.1195853714985,1257.857404124237,1236.038672387595,1221.7401792009057,1200.9592377916706,1194.4703601431738,1184.2523330266263,1167.456782402269,1151.4942216119393,1207.6718130779755,1213.9604222737712,1431.929980020279,1345.4810940153143,1446.4629981342462,1334.3043625622274,1294.2728713033293,1203.7995190914003,1145.4743398368873
Simulation,488,1076.9114311352466,1085.216668,1036.9246716492091,1004.6271197144094,1030.954875703717,1141.8385267193391,1219.564445539872,1242.6535135873623,1247.301115063342,1249.509665815082,1241.1735649155457,1216.6252854493587,1199.081982068326,1181.723307127893,1196.7393429004276,1222.4017434627842,1203.4229575857275,1323.52102218161,1395.7876437036534,1403.4305645732125,1392.495110161044,1285.836790321809,1183.2370695326383,1088.8419034282815
Simulation,489,1124.0094100789072,1086.8844356682703,1085.4718662915782,1075.299722186676,1080.3811056599832,1141.5743916042807,1223.0022946390118,1226.7931409529601,1203.240049,1222.7406367781375,1177.2253051855635,1177.2233829999998,1165.2016231256473,1153.5519577414366,1187.5463333453006,1170.79438962298,1196.4598743551694,1346.60229552361,1395.7519001241444,1413.5335356721316,1334.5349108174853,1298.4391301045298,1253.9375481955246,1151.5659171185096
Simulation,490,1143.5419917265767,1119.9590590921403,1162.8843917729978,1119.3106379426747,1146.6590509717396,1189.4833930899342,1286.9222941571484,1237.0667990897857,1182.1960436000618,1220.6998279269412,1185.054154743888,1201.2761595595396,1173.7343270000001,1183.4079529072467,1159.7913824359034,1140.6253169210472,1171.7333279337283,1400.7934704085048,1506.4751701116732,1410.729401,1400.428025957679,1315.240550832516,1215.9695787520875,1180.6050657647863
Simulation,491,1100.0645304689594,1085.384245073963,1090.4746862282923,1082.1930449826352,1115.007427641716,1165.5864501570293,1255.7372600210397,1252.159962771891,1226.7943870574948,1249.73871654817,1177.9952846552133,1199.1763600676466,1203.7799717644464,1174.9955840772634,1141.4313884522276,1165.7403923309719,1187.529618103717,1398.5704824820787,1446.1903246328936,1380.6202040150606,1415.8037842095423,1284.784172052129,1214.2420617488128,1135.4409913335753
Simulation,492,1084.3027358554784,1079.741324403542,1061.4814072559695,1039.1060586745975,1095.6286378022405,1153.5458522214017,1277.5663690972633,1241.1498764657263,1229.5804735492,1223.5327496261868,1206.5204251456355,1193.2968580854551,1209.4339631011558,1213.3236545409356,1190.8299066868228,1169.7867591405363,1188.4858999165883,1385.500995614999,1446.5659864100694,1396.3285631460253,1395.5649622231767,1300.0125851973646,1198.5635771011657,1114.7680610000002
Simulation,493,1084.857701801247,1062.8944327808579,1026.6356178218193,1037.7269397323464,1058.8676957532743,1111.1279955812222,1205.0345688160899,1213.386348709954,1194.1367841654478,1187.6419996879313,1190.204396008748,1181.3775952146573,1173.9387692516705,1161.3985360976956,1168.0154755179103,1186.6990262158008,1184.5750995053072,1398.7614449093428,1369.3089246196948,1422.9523868563017,1322.367255664163,1311.85406103322,1226.0791871027002,1123.5914143138789
Simulation,494,1123.0621987179002,1124.174591434961,1095.5791089543252,1061.268063659217,1102.1406970699056,1176.6878671687618,1146.7579130631266,1217.563925767336,1209.0403116562795,1208.7590309645839,1184.6536620572956,1210.1351341652557,1188.6372970110092,1207.5713104531437,1150.696789960692,1113.3878332772183,1134.6750968590754,1331.999337212719,1452.102109147951,1350.6112358213807,1308.9424786204152,1260.2971447450116,1216.8685161201395,1158.3489139766598
Simulation,495,1126.0389374533308,1102.7471081327199,1082.7361613883188,1082.570332994327,1115.9371533100332,1176.1206649522517,1232.805295562651,1218.5644788572795,1199.3913345596695,1200.7589768032951,1186.8912089586336,1179.729648168613,1165.8372880302372,1137.9357049582354,1166.0347158146315,1181.826367602974,1219.442030283406,1426.422886864129,1453.603375636464,1413.9037438519,1437.66145496144,1298.7246965565732,1226.3985864452486,1158.6785096727804
Simulation,496,1101.126909607543,1076.5529858645289,1073.3092312811025,1078.3287219532779,1090.8049541043024,1132.8556863928347,1231.149231095289,1252.0639226437834,1211.3890921047237,1214.6770828205124,1182.0158884512048,1163.4223412456915,1183.8301480495263,1160.3334196026708,1136.2882273890007,1139.0217796367601,1167.479047324622,1406.6302026626954,1370.1638242100403,1426.6193220541745,1351.6404755058873,1297.88893172372,1209.5187461087096,1134.7510873812296
Simulation,497,1116.9513081290759,1081.7017997011458,1089.5559424998096,1116.6200244433933,1103.9362264051447,1158.0139573230504,1218.2421129382508,1212.5840174770415,1202.3999276070829,1204.0710643653097,1183.9545400935162,1161.2381976103952,1169.2083317470053,1163.3021007626369,1169.2417437634958,1162.3594454439735,1199.0759638282607,1397.989551524751,1461.4421390537138,1402.9731812496198,1406.9140276016713,1282.6714067279943,1216.6826008500125,1161.713036793218
Simulation,498,1100.4880435474815,1082.2002744420963,1088.4565919556137,1070.1819246301905,1075.0012311392904,1137.8115528052417,1248.4685225045414,1239.1581554650465,1214.9896761486607,1231.783272651067,1196.7343347869862,1160.7594513539523,1161.2796709702407,1163.4551047842053,1194.328927541401,1188.5775399282945,1224.865193446846,1412.3853506871903,1445.1551727775106,1378.879317785992,1388.8204778343722,1293.6079008018467,1210.436367,1140.898750601433
Simulation,499,1096.06812093372,1096.4052982618732,1056.5850830155946,1070.5109804886433,1080.8400167252544,1160.5824940180241,1214.2359248828939,1214.512735,1190.0193160715874,1200.1433262238004,1154.5302004745058,1168.8381865540414,1168.0573656456913,1078.351021909661,1137.9606950365294,1147.2200441547486,1186.8626539629379,1426.6461069867491,1445.3439983015319,1373.9037599382107,1352.3894788789567,1248.3153690043862,1219.2605843405727,1127.48587010193
Simulation,500,1086.5252312520279,1083.2442564857045,1064.4049239251124,1074.7092819934903,1131.9275196230008,1169.6982251412549,1232.5771735073477,1223.1340176577544,1212.0265014237063,1177.6275230039014,1160.7740406010648,1165.287992208339,1165.5237961238752,1095.7763701411552,1132.2201764407928,1159.5019753923675,1198.205572,1410.7756482354664,1394.102134591415,1353.1125131295976,1345.4826723963909,1278.8584807118775,1185.8914928022796,1113.6674151791299
